"","ID","Site","Genotype","Stage","Plot","Plant","Compartment","Timepoint","variable","value"
"1","MRC.CELRK.V5.1.1.rhizosphere_S114_L001","MRC","CELRK","V5",1,1,"rhizosphere",2,"Richness",3644
"2","MRC.CELRK.V5.1.2.rhizosphere_S35_L001","MRC","CELRK","V5",1,2,"rhizosphere",2,"Richness",3546
"3","MRC.CELRK.V5.1.3.rhizosphere_S4_L001","MRC","CELRK","V5",1,3,"rhizosphere",2,"Richness",3122
"4","MRC.CELRK.V5.2.1.rhizosphere_S53_L001","MRC","CELRK","V5",2,1,"rhizosphere",2,"Richness",3541
"5","MRC.CELRK.V5.2.2.rhizosphere_S49_L001","MRC","CELRK","V5",2,2,"rhizosphere",2,"Richness",3487
"6","MRC.CELRK.V5.2.3.rhizosphere_S108_L001","MRC","CELRK","V5",2,3,"rhizosphere",2,"Richness",3726
"7","MRC.CELRK.V5.3.1.rhizosphere_S85_L001","MRC","CELRK","V5",3,1,"rhizosphere",2,"Richness",3780
"8","MRC.CELRK.V5.3.2.rhizosphere_S42_L001","MRC","CELRK","V5",3,2,"rhizosphere",2,"Richness",3470
"9","MRC.CELRK.V5.3.3.rhizosphere_S11_L001","MRC","CELRK","V5",3,3,"rhizosphere",2,"Richness",3207
"10","MRF.CELRK.dry.1.1.rhizoplane_S86_L001","MRC","CELRK","dry",1,1,"rhizoplane",6,"Richness",3260
"11","MRF.CELRK.dry.1.1.rhizosphere_S45_L001","MRC","CELRK","dry",1,1,"rhizosphere",6,"Richness",3523
"12","MRF.CELRK.dry.1.2.rhizoplane_S41_L001","MRC","CELRK","dry",1,2,"rhizoplane",6,"Richness",3626
"13","MRF.CELRK.dry.1.2.rhizosphere_S125_L001","MRC","CELRK","dry",1,2,"rhizosphere",6,"Richness",3829
"14","MRF.CELRK.dry.2.1.rhizoplane_S38_L001","MRC","CELRK","dry",2,1,"rhizoplane",6,"Richness",3213
"15","MRF.CELRK.dry.2.2.rhizoplane_S133_L001","MRC","CELRK","dry",2,2,"rhizoplane",6,"Richness",3268
"16","MRF.CELRK.dry.2.2.rhizosphere_S23_L001","MRC","CELRK","dry",2,2,"rhizosphere",6,"Richness",3812
"17","MRF.CELRK.dry.3.1.rhizoplane_S31_L001","MRC","CELRK","dry",3,1,"rhizoplane",6,"Richness",3564
"18","MRF.CELRK.dry.3.2.rhizoplane_S81_L001","MRC","CELRK","dry",3,2,"rhizoplane",6,"Richness",3120
"19","MRF.CELRK.dry.3.2.rhizosphere_S109_L001","MRC","CELRK","dry",3,2,"rhizosphere",6,"Richness",3711
"20","MRF.CELRK.dry.3.3.rhizoplane_S123_L001","MRC","CELRK","dry",3,3,"rhizoplane",6,"Richness",3246
"21","MRF.CELRK.dry.3.3.rhizosphere_S44_L001","MRC","CELRK","dry",3,3,"rhizosphere",6,"Richness",3819
"22","MRF.CELRK.flowering.pod.2.2.rhizoplane_S25_L001","MRC","CELRK","flowering/pod",2,2,"rhizoplane",3,"Richness",2450
"23","MRF.CELRK.flowering.pod.2.2.rhizosphere_S86_L001","MRC","CELRK","flowering/pod",2,2,"rhizosphere",3,"Richness",3757
"24","MRF.CELRK.flowering.pod.3.1.rhizoplane_S129_L001","MRC","CELRK","flowering/pod",3,1,"rhizoplane",3,"Richness",2919
"25","MRF.CELRK.flowering.pod.3.2.rhizosphere_S93_L001","MRC","CELRK","flowering/pod",3,2,"rhizosphere",3,"Richness",3050
"26","MRF.CELRK.pod.1.1.rhizoplane_S140_L001","MRC","CELRK","pod",1,1,"rhizoplane",4,"Richness",2145
"27","MRF.CELRK.pod.1.1.rhizosphere_S54_L001","MRC","CELRK","pod",1,1,"rhizosphere",4,"Richness",3713
"28","MRF.CELRK.pod.2.1.rhizoplane_S118_L001","MRC","CELRK","pod",2,1,"rhizoplane",4,"Richness",2269
"29","MRF.CELRK.pod.2.1.rhizosphere_S68_L001","MRC","CELRK","pod",2,1,"rhizosphere",4,"Richness",3563
"30","MRF.CELRK.pod.2.3.rhizoplane_S5_L001","MRC","CELRK","pod",2,3,"rhizoplane",4,"Richness",2468
"31","MRF.CELRK.pod.2.3.rhizosphere_S107_L001","MRC","CELRK","pod",2,3,"rhizosphere",4,"Richness",3670
"32","MRF.CELRK.V2.1.1.rhizoplane_S30_L001","MRC","CELRK","V2",1,1,"rhizoplane",1,"Richness",3436
"33","MRF.CELRK.V2.1.1.rhizosphere_S118_L001","MRC","CELRK","V2",1,1,"rhizosphere",1,"Richness",3641
"34","MRF.CELRK.V2.1.2.rhizoplane_S121_L001","MRC","CELRK","V2",1,2,"rhizoplane",1,"Richness",3108
"35","MRF.CELRK.V2.1.2.rhizosphere_S58_L001","MRC","CELRK","V2",1,2,"rhizosphere",1,"Richness",3576
"36","MRF.CELRK.V2.2.1.rhizoplane_S76_L001","MRC","CELRK","V2",2,1,"rhizoplane",1,"Richness",3272
"37","MRF.CELRK.V2.2.1.rhizosphere_S76_L001","MRC","CELRK","V2",2,1,"rhizosphere",1,"Richness",3568
"38","MRF.CELRK.V2.2.2.rhizosphere_S16_L001","MRC","CELRK","V2",2,2,"rhizosphere",1,"Richness",3938
"39","MRF.CELRK.V2.2.3.rhizoplane_S111_L001","MRC","CELRK","V2",2,3,"rhizoplane",1,"Richness",3041
"40","MRF.CELRK.V2.2.3.rhizosphere_S24_L001","MRC","CELRK","V2",2,3,"rhizosphere",1,"Richness",3915
"41","MRF.CELRK.V2.3.1.rhizoplane_S27_L001","MRC","CELRK","V2",3,1,"rhizoplane",1,"Richness",3037
"42","MRF.CELRK.V2.3.1.rhizosphere_S61_L001","MRC","CELRK","V2",3,1,"rhizosphere",1,"Richness",3626
"43","MRF.CELRK.V2.3.2.rhizoplane_S122_L001","MRC","CELRK","V2",3,2,"rhizoplane",1,"Richness",3036
"44","MRF.CELRK.V2.3.2.rhizosphere_S92_L001","MRC","CELRK","V2",3,2,"rhizosphere",1,"Richness",3808
"45","MRF.CELRK.V2.3.3.rhizoplane_S113_L001","MRC","CELRK","V2",3,3,"rhizoplane",1,"Richness",3264
"46","MRF.CELRK.V2.3.3.rhizosphere_S120_L001","MRC","CELRK","V2",3,3,"rhizosphere",1,"Richness",3847
"47","MRF.CELRK.V5.1.1.rhizoplane_S3_L001","MRC","CELRK","V5",1,1,"rhizoplane",2,"Richness",3021
"48","MRF.CELRK.V5.1.2.rhizoplane_S136_L001","MRC","CELRK","V5",1,2,"rhizoplane",2,"Richness",2885
"49","MRF.CELRK.V5.1.3.rhizoplane_S60_L001","MRC","CELRK","V5",1,3,"rhizoplane",2,"Richness",2976
"50","MRF.CELRK.V5.2.1.rhizoplane_S32_L001","MRC","CELRK","V5",2,1,"rhizoplane",2,"Richness",3029
"51","MRF.CELRK.V5.2.2.rhizoplane_S109_L001","MRC","CELRK","V5",2,2,"rhizoplane",2,"Richness",3004
"52","MRF.CELRK.V5.2.3.rhizoplane_S10_L001","MRC","CELRK","V5",2,3,"rhizoplane",2,"Richness",2903
"53","MRF.CELRK.V5.3.1.rhizoplane_S80_L001","MRC","CELRK","V5",3,1,"rhizoplane",2,"Richness",2832
"54","MRF.CELRK.V5.3.2.rhizoplane_S85_L001","MRC","CELRK","V5",3,2,"rhizoplane",2,"Richness",2690
"55","MRF.CELRK.V5.3.3.rhizoplane_S67_L001","MRC","CELRK","V5",3,3,"rhizoplane",2,"Richness",2791
"56","MRF.Eclipse.flowering.pod.1.1.rhizoplane_S137_L001","MRC","Eclipse","flowering/pod",1,1,"rhizoplane",3,"Richness",2658
"57","MRF.Eclipse.flowering.pod.1.1.rhizosphere_S17_L001","MRC","Eclipse","flowering/pod",1,1,"rhizosphere",3,"Richness",3508
"58","MRF.Eclipse.flowering.pod.1.2.rhizoplane_S68_L001","MRC","Eclipse","flowering/pod",1,2,"rhizoplane",3,"Richness",2494
"59","MRF.Eclipse.flowering.pod.1.2.rhizosphere_S43_L001","MRC","Eclipse","flowering/pod",1,2,"rhizosphere",3,"Richness",3349
"60","MRF.Eclipse.flowering.pod.1.3.rhizoplane_S100_L001","MRC","Eclipse","flowering/pod",1,3,"rhizoplane",3,"Richness",2877
"61","MRF.Eclipse.flowering.pod.1.3.rhizosphere_S52_L001","MRC","Eclipse","flowering/pod",1,3,"rhizosphere",3,"Richness",3490
"62","MRF.Eclipse.flowering.pod.2.1.rhizoplane_S108_L001","MRC","Eclipse","flowering/pod",2,1,"rhizoplane",3,"Richness",2928
"63","MRF.Eclipse.flowering.pod.2.1.rhizosphere_S70_L001","MRC","Eclipse","flowering/pod",2,1,"rhizosphere",3,"Richness",3561
"64","MRF.Eclipse.flowering.pod.2.2.rhizoplane_S97_L001","MRC","Eclipse","flowering/pod",2,2,"rhizoplane",3,"Richness",2801
"65","MRF.Eclipse.flowering.pod.2.2.rhizosphere_S104_L001","MRC","Eclipse","flowering/pod",2,2,"rhizosphere",3,"Richness",3473
"66","MRF.Eclipse.flowering.pod.2.3.rhizosphere_S40_L001","MRC","Eclipse","flowering/pod",2,3,"rhizosphere",3,"Richness",3307
"67","MRF.Eclipse.flowering.pod.3.1.rhizoplane_S28_L001","MRC","Eclipse","flowering/pod",3,1,"rhizoplane",3,"Richness",2480
"68","MRF.Eclipse.flowering.pod.3.1.rhizosphere_S36_L001","MRC","Eclipse","flowering/pod",3,1,"rhizosphere",3,"Richness",3457
"69","MRF.Eclipse.flowering.pod.3.2.rhizoplane_S59_L001","MRC","Eclipse","flowering/pod",3,2,"rhizoplane",3,"Richness",2821
"70","MRF.Eclipse.flowering.pod.3.2.rhizosphere_S29_L001","MRC","Eclipse","flowering/pod",3,2,"rhizosphere",3,"Richness",3476
"71","MRF.Eclipse.flowering.pod.3.3.rhizoplane_S22_L001","MRC","Eclipse","flowering/pod",3,3,"rhizoplane",3,"Richness",3362
"72","MRF.Eclipse.flowering.pod.3.3.rhizosphere_S110_L001","MRC","Eclipse","flowering/pod",3,3,"rhizosphere",3,"Richness",3694
"73","MRF.Eclipse.pod.1.1.rhizosphere_S8_L001","MRC","Eclipse","pod",1,1,"rhizosphere",4,"Richness",3574
"74","MRF.Eclipse.pod.2.1.rhizoplane_S88_L001","MRC","Eclipse","pod",2,1,"rhizoplane",4,"Richness",2975
"75","MRF.Eclipse.pod.2.1.rhizosphere_S27_L001","MRC","Eclipse","pod",2,1,"rhizosphere",4,"Richness",3554
"76","MRF.Eclipse.pod.2.2.rhizoplane_S95_L001","MRC","Eclipse","pod",2,2,"rhizoplane",4,"Richness",3264
"77","MRF.Eclipse.pod.2.2.rhizosphere_S91_L001","MRC","Eclipse","pod",2,2,"rhizosphere",4,"Richness",3478
"78","MRF.Eclipse.senesc.1.2.rhizoplane_S29_L001","MRC","Eclipse","senesc",1,2,"rhizoplane",5,"Richness",3096
"79","MRF.Eclipse.senesc.1.2.rhizosphere_S56_L001","MRC","Eclipse","senesc",1,2,"rhizosphere",5,"Richness",3660
"80","MRF.Eclipse.senesc.1.3.rhizoplane_S7_L001","MRC","Eclipse","senesc",1,3,"rhizoplane",5,"Richness",2519
"81","MRF.Eclipse.senesc.1.3.rhizosphere_S34_L001","MRC","Eclipse","senesc",1,3,"rhizosphere",5,"Richness",3798
"82","MRF.Eclipse.senesc.2.3.rhizoplane_S105_L001","MRC","Eclipse","senesc",2,3,"rhizoplane",5,"Richness",3112
"83","MRF.Eclipse.senesc.2.3.rhizosphere_S19_L001","MRC","Eclipse","senesc",2,3,"rhizosphere",5,"Richness",3890
"84","MRF.Eclipse.senesc.3.1.rhizoplane_S99_L001","MRC","Eclipse","senesc",3,1,"rhizoplane",5,"Richness",2238
"85","MRF.Eclipse.senesc.3.1.rhizosphere_S62_L001","MRC","Eclipse","senesc",3,1,"rhizosphere",5,"Richness",3552
"86","MRF.Eclipse.senesc.3.2.rhizoplane_S20_L001","MRC","Eclipse","senesc",3,2,"rhizoplane",5,"Richness",3117
"87","MRF.Eclipse.senesc.3.2.rhizosphere_S116_L001","MRC","Eclipse","senesc",3,2,"rhizosphere",5,"Richness",3341
"88","MRF.Eclipse.senesc.3.3.rhizoplane_S12_L001","MRC","Eclipse","senesc",3,3,"rhizoplane",5,"Richness",3219
"89","MRF.Eclipse.senesc.3.3.rhizosphere_S55_L001","MRC","Eclipse","senesc",3,3,"rhizosphere",5,"Richness",3093
"90","MRF.Eclipse.V2.1.1.rhizoplane_S84_L001","MRC","Eclipse","V2",1,1,"rhizoplane",1,"Richness",3012
"91","MRF.Eclipse.V2.1.1.rhizosphere_S12_L001","MRC","Eclipse","V2",1,1,"rhizosphere",1,"Richness",3682
"92","MRF.Eclipse.V2.1.2.rhizoplane_S89_L001","MRC","Eclipse","V2",1,2,"rhizoplane",1,"Richness",3410
"93","MRF.Eclipse.V2.1.2.rhizosphere_S65_L001","MRC","Eclipse","V2",1,2,"rhizosphere",1,"Richness",3583
"94","MRF.Eclipse.V2.1.3.rhizoplane_S93_L001","MRC","Eclipse","V2",1,3,"rhizoplane",1,"Richness",3264
"95","MRF.Eclipse.V2.1.3.rhizosphere_S111_L001","MRC","Eclipse","V2",1,3,"rhizosphere",1,"Richness",3695
"96","MRF.Eclipse.V2.2.1.rhizoplane_S77_L001","MRC","Eclipse","V2",2,1,"rhizoplane",1,"Richness",3571
"97","MRF.Eclipse.V2.2.1.rhizosphere_S26_L001","MRC","Eclipse","V2",2,1,"rhizosphere",1,"Richness",3752
"98","MRF.Eclipse.V2.2.2.rhizoplane_S39_L001","MRC","Eclipse","V2",2,2,"rhizoplane",1,"Richness",3159
"99","MRF.Eclipse.V2.2.2.rhizosphere_S7_L001","MRC","Eclipse","V2",2,2,"rhizosphere",1,"Richness",3749
"100","MRF.Eclipse.V2.2.3.rhizoplane_S11_L001","MRC","Eclipse","V2",2,3,"rhizoplane",1,"Richness",2946
"101","MRF.Eclipse.V2.2.3.rhizosphere_S98_L001","MRC","Eclipse","V2",2,3,"rhizosphere",1,"Richness",3312
"102","MRF.Eclipse.V2.3.1.rhizoplane_S104_L001","MRC","Eclipse","V2",3,1,"rhizoplane",1,"Richness",3479
"103","MRF.Eclipse.V2.3.1.rhizosphere_S72_L001","MRC","Eclipse","V2",3,1,"rhizosphere",1,"Richness",3814
"104","MRF.Eclipse.V2.3.2.rhizoplane_S56_L001","MRC","Eclipse","V2",3,2,"rhizoplane",1,"Richness",3153
"105","MRF.Eclipse.V2.3.2.rhizosphere_S81_L001","MRC","Eclipse","V2",3,2,"rhizosphere",1,"Richness",3689
"106","MRF.Eclipse.V2.3.3.rhizoplane_S69_L001","MRC","Eclipse","V2",3,3,"rhizoplane",1,"Richness",3612
"107","MRF.Eclipse.V2.3.3.rhizosphere_S60_L001","MRC","Eclipse","V2",3,3,"rhizosphere",1,"Richness",3758
"108","MRF.Eclipse.V5.1.1.rhizoplane_S90_L001","MRC","Eclipse","V5",1,1,"rhizoplane",2,"Richness",3382
"109","MRF.Eclipse.V5.1.1.rhizosphere_S57_L001","MRC","Eclipse","V5",1,1,"rhizosphere",2,"Richness",3672
"110","MRF.Eclipse.V5.1.2.rhizoplane_S26_L001","MRC","Eclipse","V5",1,2,"rhizoplane",2,"Richness",2921
"111","MRF.Eclipse.V5.1.2.rhizosphere_S18_L001","MRC","Eclipse","V5",1,2,"rhizosphere",2,"Richness",3720
"112","MRF.Eclipse.V5.1.3.rhizoplane_S119_L001","MRC","Eclipse","V5",1,3,"rhizoplane",2,"Richness",2912
"113","MRF.Eclipse.V5.1.3.rhizosphere_S88_L001","MRC","Eclipse","V5",1,3,"rhizosphere",2,"Richness",3677
"114","MRF.Eclipse.V5.2.1.rhizoplane_S132_L001","MRC","Eclipse","V5",2,1,"rhizoplane",2,"Richness",3115
"115","MRF.Eclipse.V5.2.1.rhizosphere_S95_L001","MRC","Eclipse","V5",2,1,"rhizosphere",2,"Richness",3545
"116","MRF.Eclipse.V5.2.2.rhizoplane_S103_L001","MRC","Eclipse","V5",2,2,"rhizoplane",2,"Richness",3232
"117","MRF.Eclipse.V5.2.2.rhizosphere_S46_L001","MRC","Eclipse","V5",2,2,"rhizosphere",2,"Richness",3939
"118","MRF.Eclipse.V5.2.3.rhizoplane_S47_L001","MRC","Eclipse","V5",2,3,"rhizoplane",2,"Richness",3156
"119","MRF.Eclipse.V5.2.3.rhizosphere_S112_L001","MRC","Eclipse","V5",2,3,"rhizosphere",2,"Richness",3542
"120","MRF.Eclipse.V5.3.1.rhizoplane_S63_L001","MRC","Eclipse","V5",3,1,"rhizoplane",2,"Richness",3323
"121","MRF.Eclipse.V5.3.1.rhizosphere_S89_L001","MRC","Eclipse","V5",3,1,"rhizosphere",2,"Richness",3666
"122","MRF.Eclipse.V5.3.2.rhizoplane_S120_L001","MRC","Eclipse","V5",3,2,"rhizoplane",2,"Richness",2985
"123","MRF.Eclipse.V5.3.2.rhizosphere_S75_L001","MRC","Eclipse","V5",3,2,"rhizosphere",2,"Richness",3571
"124","MRF.Eclipse.V5.3.3.rhizoplane_S130_L001","MRC","Eclipse","V5",3,3,"rhizoplane",2,"Richness",2897
"125","MRF.Eclipse.V5.3.3.rhizosphere_S41_L001","MRC","Eclipse","V5",3,3,"rhizosphere",2,"Richness",3325
"126","SVERC.CELRK.dry.1.1.rhizoplane_S102_L001","SVERC","CELRK","dry",1,1,"rhizoplane",6,"Richness",2576
"127","SVERC.CELRK.dry.1.1.rhizosphere_S90_L001","SVERC","CELRK","dry",1,1,"rhizosphere",6,"Richness",3108
"128","SVERC.CELRK.dry.1.2.rhizosphere_S77_L001","SVERC","CELRK","dry",1,2,"rhizosphere",6,"Richness",2998
"129","SVERC.CELRK.dry.1.3.rhizoplane_S53_L001","SVERC","CELRK","dry",1,3,"rhizoplane",6,"Richness",2337
"130","SVERC.CELRK.dry.1.3.rhizosphere_S48_L001","SVERC","CELRK","dry",1,3,"rhizosphere",6,"Richness",2884
"131","SVERC.CELRK.dry.2.1.rhizoplane_S57_L001","SVERC","CELRK","dry",2,1,"rhizoplane",6,"Richness",2018
"132","SVERC.CELRK.dry.2.1.rhizosphere_S13_L001","SVERC","CELRK","dry",2,1,"rhizosphere",6,"Richness",2879
"133","SVERC.CELRK.dry.2.2.rhizoplane_S58_L001","SVERC","CELRK","dry",2,2,"rhizoplane",6,"Richness",2410
"134","SVERC.CELRK.dry.2.2.rhizosphere_S47_L001","SVERC","CELRK","dry",2,2,"rhizosphere",6,"Richness",2854
"135","SVERC.CELRK.dry.3.1.rhizosphere_S74_L001","SVERC","CELRK","dry",3,1,"rhizosphere",6,"Richness",2931
"136","SVERC.CELRK.dry.3.2.rhizosphere_S63_L001","SVERC","CELRK","dry",3,2,"rhizosphere",6,"Richness",3052
"137","SVERC.CELRK.flow.3.1.rhizoplane_S126_L001","SVERC","CELRK","flow",3,1,"rhizoplane",3,"Richness",2140
"138","SVERC.CELRK.flow.3.1.rhizosphere_S71_L001","SVERC","CELRK","flow",3,1,"rhizosphere",3,"Richness",2941
"139","SVERC.CELRK.flow.pod.2.2.rhizoplane_S117_L001","SVERC","CELRK","flow/pod",2,2,"rhizoplane",3,"Richness",2181
"140","SVERC.CELRK.flow.pod.2.2.rhizosphere_S80_L001","SVERC","CELRK","flow/pod",2,2,"rhizosphere",3,"Richness",3098
"141","SVERC.CELRK.flow.pod.3.3.rhizoplane_S107_L001","SVERC","CELRK","flow/pod",3,3,"rhizoplane",3,"Richness",2169
"142","SVERC.CELRK.flow.pod.3.3.rhizosphere_S119_L001","SVERC","CELRK","flow/pod",3,3,"rhizosphere",3,"Richness",2878
"143","SVERC.CELRK.pod.1.1.rhizoplane_S127_L001","SVERC","CELRK","pod",1,1,"rhizoplane",4,"Richness",1896
"144","SVERC.CELRK.pod.1.1.rhizosphere_S123_L001","SVERC","CELRK","pod",1,1,"rhizosphere",4,"Richness",3114
"145","SVERC.CELRK.pod.1.2.rhizosphere_S102_L001","SVERC","CELRK","pod",1,2,"rhizosphere",4,"Richness",2902
"146","SVERC.CELRK.pod.2.1.rhizoplane_S79_L001","SVERC","CELRK","pod",2,1,"rhizoplane",4,"Richness",2427
"147","SVERC.CELRK.pod.2.1.rhizosphere_S9_L001","SVERC","CELRK","pod",2,1,"rhizosphere",4,"Richness",2990
"148","SVERC.CELRK.pod.3.2.rhizoplane_S98_L001","SVERC","CELRK","pod",3,2,"rhizoplane",4,"Richness",1577
"149","SVERC.CELRK.pod.3.2.rhizosphere_S32_L001","SVERC","CELRK","pod",3,2,"rhizosphere",4,"Richness",2974
"150","SVERC.CELRK.V2.1.3.rhizoplane_S54_L001","SVERC","CELRK","V2",1,3,"rhizoplane",1,"Richness",2461
"151","SVERC.CELRK.V2.1.3.rhizosphere_S67_L001","SVERC","CELRK","V2",1,3,"rhizosphere",1,"Richness",3133
"152","SVERC.CELRK.V2.2.2.rhizoplane_S49_L001","SVERC","CELRK","V2",2,2,"rhizoplane",1,"Richness",1618
"153","SVERC.CELRK.V2.2.2.rhizosphere_S6_L001","SVERC","CELRK","V2",2,2,"rhizosphere",1,"Richness",3085
"154","SVERC.CELRK.V2.2.3.rhizoplane_S36_L001","SVERC","CELRK","V2",2,3,"rhizoplane",1,"Richness",2184
"155","SVERC.CELRK.V2.2.3.rhizosphere_S113_L001","SVERC","CELRK","V2",2,3,"rhizosphere",1,"Richness",2938
"156","SVERC.CELRK.V5.1.1.rhizoplane_S33_L001","SVERC","CELRK","V5",1,1,"rhizoplane",2,"Richness",2353
"157","SVERC.CELRK.V5.1.1.rhizosphere_S64_L001","SVERC","CELRK","V5",1,1,"rhizosphere",2,"Richness",3161
"158","SVERC.CELRK.V5.1.2.rhizosphere_S59_L001","SVERC","CELRK","V5",1,2,"rhizosphere",2,"Richness",3065
"159","SVERC.CELRK.V5.1.3.rhizoplane_S16_L001","SVERC","CELRK","V5",1,3,"rhizoplane",2,"Richness",2210
"160","SVERC.CELRK.V5.1.3.rhizosphere_S115_L001","SVERC","CELRK","V5",1,3,"rhizosphere",2,"Richness",3109
"161","SVERC.CELRK.V5.2.1.rhizoplane_S2_L001","SVERC","CELRK","V5",2,1,"rhizoplane",2,"Richness",2597
"162","SVERC.CELRK.V5.2.1.rhizosphere_S82_L001","SVERC","CELRK","V5",2,1,"rhizosphere",2,"Richness",3048
"163","SVERC.CELRK.V5.2.2.rhizoplane_S87_L001","SVERC","CELRK","V5",2,2,"rhizoplane",2,"Richness",2092
"164","SVERC.CELRK.V5.2.2.rhizosphere_S10_L001","SVERC","CELRK","V5",2,2,"rhizosphere",2,"Richness",2729
"165","SVERC.CELRK.V5.2.3.rhizoplane_S65_L001","SVERC","CELRK","V5",2,3,"rhizoplane",2,"Richness",2160
"166","SVERC.CELRK.V5.2.3.rhizosphere_S117_L001","SVERC","CELRK","V5",2,3,"rhizosphere",2,"Richness",2815
"167","SVERC.CELRK.V5.3.1.rhizoplane_S42_L001","SVERC","CELRK","V5",3,1,"rhizoplane",2,"Richness",2145
"168","SVERC.CELRK.V5.3.1.rhizosphere_S84_L001","SVERC","CELRK","V5",3,1,"rhizosphere",2,"Richness",3313
"169","SVERC.CELRK.V5.3.2.rhizoplane_S73_L001","SVERC","CELRK","V5",3,2,"rhizoplane",2,"Richness",2231
"170","SVERC.CELRK.V5.3.2.rhizosphere_S101_L001","SVERC","CELRK","V5",3,2,"rhizosphere",2,"Richness",3137
"171","SVERC.CELRK.V5.3.3.rhizoplane_S23_L001","SVERC","CELRK","V5",3,3,"rhizoplane",2,"Richness",1964
"172","SVERC.CELRK.V5.3.3.rhizosphere_S106_L001","SVERC","CELRK","V5",3,3,"rhizosphere",2,"Richness",3168
"173","SVERC.Eclipse.dry.1.1.rhizoplane_S15_L001","SVERC","Eclipse","dry",1,1,"rhizoplane",6,"Richness",2988
"174","SVERC.Eclipse.dry.1.1.rhizosphere_S15_L001","SVERC","Eclipse","dry",1,1,"rhizosphere",6,"Richness",2879
"175","SVERC.Eclipse.dry.1.2.rhizoplane_S17_L001","SVERC","Eclipse","dry",1,2,"rhizoplane",6,"Richness",2000
"176","SVERC.Eclipse.dry.1.2.rhizosphere_S3_L001","SVERC","Eclipse","dry",1,2,"rhizosphere",6,"Richness",3011
"177","SVERC.Eclipse.dry.1.3.rhizosphere_S97_L001","SVERC","Eclipse","dry",1,3,"rhizosphere",6,"Richness",2972
"178","SVERC.Eclipse.dry.2.1.rhizoplane_S46_L001","SVERC","Eclipse","dry",2,1,"rhizoplane",6,"Richness",2044
"179","SVERC.Eclipse.dry.2.1.rhizosphere_S2_L001","SVERC","Eclipse","dry",2,1,"rhizosphere",6,"Richness",2917
"180","SVERC.Eclipse.dry.2.2.rhizoplane_S110_L001","SVERC","Eclipse","dry",2,2,"rhizoplane",6,"Richness",2153
"181","SVERC.Eclipse.dry.2.2.rhizosphere_S78_L001","SVERC","Eclipse","dry",2,2,"rhizosphere",6,"Richness",2784
"182","SVERC.Eclipse.dry.2.3.rhizoplane_S61_L001","SVERC","Eclipse","dry",2,3,"rhizoplane",6,"Richness",2122
"183","SVERC.Eclipse.dry.2.3.rhizosphere_S37_L001","SVERC","Eclipse","dry",2,3,"rhizosphere",6,"Richness",3101
"184","SVERC.Eclipse.dry.3.1.rhizoplane_S34_L001","SVERC","Eclipse","dry",3,1,"rhizoplane",6,"Richness",2513
"185","SVERC.Eclipse.dry.3.1.rhizosphere_S39_L001","SVERC","Eclipse","dry",3,1,"rhizosphere",6,"Richness",2937
"186","SVERC.Eclipse.dry.3.2.rhizoplane_S19_L001","SVERC","Eclipse","dry",3,2,"rhizoplane",6,"Richness",2030
"187","SVERC.Eclipse.dry.3.2.rhizosphere_S122_L001","SVERC","Eclipse","dry",3,2,"rhizosphere",6,"Richness",2898
"188","SVERC.Eclipse.dry.3.3.rhizoplane_S128_L001","SVERC","Eclipse","dry",3,3,"rhizoplane",6,"Richness",1887
"189","SVERC.Eclipse.dry.3.3.rhizosphere_S25_L001","SVERC","Eclipse","dry",3,3,"rhizosphere",6,"Richness",2879
"190","SVERC.Eclipse.flowering.1.1.rhizoplane_S139_L001","SVERC","Eclipse","flowering",1,1,"rhizoplane",3,"Richness",1537
"191","SVERC.Eclipse.flowering.1.1.rhizosphere_S103_L001","SVERC","Eclipse","flowering",1,1,"rhizosphere",3,"Richness",3171
"192","SVERC.Eclipse.flowering.1.2.rhizoplane_S21_L001","SVERC","Eclipse","flowering",1,2,"rhizoplane",3,"Richness",2538
"193","SVERC.Eclipse.flowering.1.2.rhizosphere_S30_L001","SVERC","Eclipse","flowering",1,2,"rhizosphere",3,"Richness",3318
"194","SVERC.Eclipse.flowering.1.3.rhizosphere_S50_L001","SVERC","Eclipse","flowering",1,3,"rhizosphere",3,"Richness",3289
"195","SVERC.Eclipse.flowering.2.1.rhizoplane_S75_L001","SVERC","Eclipse","flowering",2,1,"rhizoplane",3,"Richness",746
"196","SVERC.Eclipse.flowering.2.1.rhizosphere_S83_L001","SVERC","Eclipse","flowering",2,1,"rhizosphere",3,"Richness",2837
"197","SVERC.Eclipse.flowering.2.2.rhizoplane_S37_L001","SVERC","Eclipse","flowering",2,2,"rhizoplane",3,"Richness",2437
"198","SVERC.Eclipse.flowering.2.2.rhizosphere_S14_L001","SVERC","Eclipse","flowering",2,2,"rhizosphere",3,"Richness",3058
"199","SVERC.Eclipse.flowering.2.3.rhizoplane_S51_L001","SVERC","Eclipse","flowering",2,3,"rhizoplane",3,"Richness",2469
"200","SVERC.Eclipse.flowering.2.3.rhizosphere_S66_L001","SVERC","Eclipse","flowering",2,3,"rhizosphere",3,"Richness",3053
"201","SVERC.Eclipse.flowering.3.1.rhizoplane_S64_L001","SVERC","Eclipse","flowering",3,1,"rhizoplane",3,"Richness",1649
"202","SVERC.Eclipse.flowering.3.1.rhizosphere_S99_L001","SVERC","Eclipse","flowering",3,1,"rhizosphere",3,"Richness",2632
"203","SVERC.Eclipse.flowering.3.2.rhizoplane_S48_L001","SVERC","Eclipse","flowering",3,2,"rhizoplane",3,"Richness",2007
"204","SVERC.Eclipse.flowering.3.2.rhizosphere_S100_L001","SVERC","Eclipse","flowering",3,2,"rhizosphere",3,"Richness",3258
"205","SVERC.Eclipse.flowering.pod.3.3.rhizoplane_S78_L001","SVERC","Eclipse","flowering/pod",3,3,"rhizoplane",3,"Richness",2195
"206","SVERC.Eclipse.flowering.pod.3.3.rhizosphere_S105_L001","SVERC","Eclipse","flowering/pod",3,3,"rhizosphere",3,"Richness",3147
"207","SVERC.Eclipse.V2.1.2.rhizoplane_S1_L001","SVERC","Eclipse","V2",1,2,"rhizoplane",1,"Richness",2076
"208","SVERC.Eclipse.V2.1.2.rhizosphere_S1_L001","SVERC","Eclipse","V2",1,2,"rhizosphere",1,"Richness",3242
"209","SVERC.Eclipse.V2.1.3.rhizoplane_S52_L001","SVERC","Eclipse","V2",1,3,"rhizoplane",1,"Richness",2240
"210","SVERC.Eclipse.V2.1.3.rhizosphere_S73_L001","SVERC","Eclipse","V2",1,3,"rhizosphere",1,"Richness",3011
"211","SVERC.Eclipse.V2.2.2.rhizoplane_S13_L001","SVERC","Eclipse","V2",2,2,"rhizoplane",1,"Richness",1822
"212","SVERC.Eclipse.V2.2.2.rhizosphere_S21_L001","SVERC","Eclipse","V2",2,2,"rhizosphere",1,"Richness",3093
"213","SVERC.Eclipse.V2.2.3.rhizoplane_S91_L001","SVERC","Eclipse","V2",2,3,"rhizoplane",1,"Richness",2398
"214","SVERC.Eclipse.V2.2.3.rhizosphere_S28_L001","SVERC","Eclipse","V2",2,3,"rhizosphere",1,"Richness",3061
"215","SVERC.Eclipse.V2.3.1.rhizoplane_S71_L001","SVERC","Eclipse","V2",3,1,"rhizoplane",1,"Richness",1980
"216","SVERC.Eclipse.V2.3.1.rhizosphere_S5_L001","SVERC","Eclipse","V2",3,1,"rhizosphere",1,"Richness",2963
"217","SVERC.Eclipse.V2.3.2.rhizoplane_S83_L001","SVERC","Eclipse","V2",3,2,"rhizoplane",1,"Richness",2208
"218","SVERC.Eclipse.V2.3.2.rhizosphere_S20_L001","SVERC","Eclipse","V2",3,2,"rhizosphere",1,"Richness",3285
"219","SVERC.Eclipse.V2.3.3.rhizoplane_S131_L001","SVERC","Eclipse","V2",3,3,"rhizoplane",1,"Richness",2318
"220","SVERC.Eclipse.V2.3.3.rhizosphere_S22_L001","SVERC","Eclipse","V2",3,3,"rhizosphere",1,"Richness",3068
"221","SVERC.Eclipse.V5.1.1.rhizoplane_S6_L001","SVERC","Eclipse","V5",1,1,"rhizoplane",2,"Richness",2354
"222","SVERC.Eclipse.V5.1.1.rhizosphere_S69_L001","SVERC","Eclipse","V5",1,1,"rhizosphere",2,"Richness",3080
"223","SVERC.Eclipse.V5.1.2.rhizosphere_S121_L001","SVERC","Eclipse","V5",1,2,"rhizosphere",2,"Richness",3147
"224","SVERC.Eclipse.V5.2.1.rhizoplane_S82_L001","SVERC","Eclipse","V5",2,1,"rhizoplane",2,"Richness",2224
"225","SVERC.Eclipse.V5.2.1.rhizosphere_S33_L001","SVERC","Eclipse","V5",2,1,"rhizosphere",2,"Richness",3060
"226","SVERC.Eclipse.V5.2.2.rhizoplane_S74_L001","SVERC","Eclipse","V5",2,2,"rhizoplane",2,"Richness",1924
"227","SVERC.Eclipse.V5.2.2.rhizosphere_S79_L001","SVERC","Eclipse","V5",2,2,"rhizosphere",2,"Richness",3123
"228","SVERC.Eclipse.V5.2.3.rhizoplane_S124_L001","SVERC","Eclipse","V5",2,3,"rhizoplane",2,"Richness",2379
"229","SVERC.Eclipse.V5.2.3.rhizosphere_S87_L001","SVERC","Eclipse","V5",2,3,"rhizosphere",2,"Richness",3078
"230","SVERC.Eclipse.V5.3.1.rhizoplane_S115_L001","SVERC","Eclipse","V5",3,1,"rhizoplane",2,"Richness",2093
"231","SVERC.Eclipse.V5.3.1.rhizosphere_S31_L001","SVERC","Eclipse","V5",3,1,"rhizosphere",2,"Richness",2898
"232","SVERC.Eclipse.V5.3.2.rhizosphere_S38_L001","SVERC","Eclipse","V5",3,2,"rhizosphere",2,"Richness",2991
"233","SVERC.Eclipse.V5.3.3.rhizoplane_S101_L001","SVERC","Eclipse","V5",3,3,"rhizoplane",2,"Richness",2351
"234","SVERC.Eclipse.V5.3.3.rhizosphere_S51_L001","SVERC","Eclipse","V5",3,3,"rhizosphere",2,"Richness",2960
"235","SVREC.CELRK.V2.1.1.rhizoplane_S116_L001","SVERC","CELRK","V2",1,1,"rhizoplane",2,"Richness",1957
"236","SVREC.CELRK.V2.1.2.rhizoplane_S138_L001","SVERC","CELRK","V2",1,2,"rhizoplane",1,"Richness",2224
"237","SVREC.CELRK.V2.2.1.rhizoplane_S96_L001","SVERC","CELRK","V2",2,1,"rhizoplane",1,"Richness",1711
"238","SVREC.CELRK.V2.2.2.rhizoplane_S44_L001","SVERC","CELRK","V2",2,2,"rhizoplane",1,"Richness",2330
"239","SVREC.CELRK.V2.2.3.rhizoplane_S94_L001","SVERC","CELRK","V2",2,3,"rhizoplane",1,"Richness",2216
"240","SVREC.CELRK.V2.3.1.rhizoplane_S24_L001","SVERC","CELRK","V2",3,1,"rhizoplane",1,"Richness",2129
"241","SVREC.Eclipse.V2.1.1.rhizoplane_S114_L001","SVERC","Eclipse","V2",1,1,"rhizoplane",1,"Richness",2172
"242","SVREC.Eclipse.V2.2.1.rhizoplane_S70_L001","SVERC","Eclipse","V2",2,1,"rhizoplane",1,"Richness",1021
"243","MRC.CELRK.V5.1.1.rhizosphere_S114_L001","MRC","CELRK","V5",1,1,"rhizosphere",2,"Shannon",7.35800589600631
"244","MRC.CELRK.V5.1.2.rhizosphere_S35_L001","MRC","CELRK","V5",1,2,"rhizosphere",2,"Shannon",7.31716993980681
"245","MRC.CELRK.V5.1.3.rhizosphere_S4_L001","MRC","CELRK","V5",1,3,"rhizosphere",2,"Shannon",7.25195970782389
"246","MRC.CELRK.V5.2.1.rhizosphere_S53_L001","MRC","CELRK","V5",2,1,"rhizosphere",2,"Shannon",7.33736825343102
"247","MRC.CELRK.V5.2.2.rhizosphere_S49_L001","MRC","CELRK","V5",2,2,"rhizosphere",2,"Shannon",7.29881175712755
"248","MRC.CELRK.V5.2.3.rhizosphere_S108_L001","MRC","CELRK","V5",2,3,"rhizosphere",2,"Shannon",7.44807269358697
"249","MRC.CELRK.V5.3.1.rhizosphere_S85_L001","MRC","CELRK","V5",3,1,"rhizosphere",2,"Shannon",7.42233080991331
"250","MRC.CELRK.V5.3.2.rhizosphere_S42_L001","MRC","CELRK","V5",3,2,"rhizosphere",2,"Shannon",7.26020182845954
"251","MRC.CELRK.V5.3.3.rhizosphere_S11_L001","MRC","CELRK","V5",3,3,"rhizosphere",2,"Shannon",7.21940224781905
"252","MRF.CELRK.dry.1.1.rhizoplane_S86_L001","MRC","CELRK","dry",1,1,"rhizoplane",6,"Shannon",7.01767662340522
"253","MRF.CELRK.dry.1.1.rhizosphere_S45_L001","MRC","CELRK","dry",1,1,"rhizosphere",6,"Shannon",7.27418639138233
"254","MRF.CELRK.dry.1.2.rhizoplane_S41_L001","MRC","CELRK","dry",1,2,"rhizoplane",6,"Shannon",7.21236128468731
"255","MRF.CELRK.dry.1.2.rhizosphere_S125_L001","MRC","CELRK","dry",1,2,"rhizosphere",6,"Shannon",7.42407368907791
"256","MRF.CELRK.dry.2.1.rhizoplane_S38_L001","MRC","CELRK","dry",2,1,"rhizoplane",6,"Shannon",6.95478381146183
"257","MRF.CELRK.dry.2.2.rhizoplane_S133_L001","MRC","CELRK","dry",2,2,"rhizoplane",6,"Shannon",7.1349212190253
"258","MRF.CELRK.dry.2.2.rhizosphere_S23_L001","MRC","CELRK","dry",2,2,"rhizosphere",6,"Shannon",7.4203542622182
"259","MRF.CELRK.dry.3.1.rhizoplane_S31_L001","MRC","CELRK","dry",3,1,"rhizoplane",6,"Shannon",7.2743652007467
"260","MRF.CELRK.dry.3.2.rhizoplane_S81_L001","MRC","CELRK","dry",3,2,"rhizoplane",6,"Shannon",6.66466878449602
"261","MRF.CELRK.dry.3.2.rhizosphere_S109_L001","MRC","CELRK","dry",3,2,"rhizosphere",6,"Shannon",7.39027511514042
"262","MRF.CELRK.dry.3.3.rhizoplane_S123_L001","MRC","CELRK","dry",3,3,"rhizoplane",6,"Shannon",6.75431863652411
"263","MRF.CELRK.dry.3.3.rhizosphere_S44_L001","MRC","CELRK","dry",3,3,"rhizosphere",6,"Shannon",7.42976873589333
"264","MRF.CELRK.flowering.pod.2.2.rhizoplane_S25_L001","MRC","CELRK","flowering/pod",2,2,"rhizoplane",3,"Shannon",6.22638933470531
"265","MRF.CELRK.flowering.pod.2.2.rhizosphere_S86_L001","MRC","CELRK","flowering/pod",2,2,"rhizosphere",3,"Shannon",7.37807068338898
"266","MRF.CELRK.flowering.pod.3.1.rhizoplane_S129_L001","MRC","CELRK","flowering/pod",3,1,"rhizoplane",3,"Shannon",6.75319573012191
"267","MRF.CELRK.flowering.pod.3.2.rhizosphere_S93_L001","MRC","CELRK","flowering/pod",3,2,"rhizosphere",3,"Shannon",7.08434224093413
"268","MRF.CELRK.pod.1.1.rhizoplane_S140_L001","MRC","CELRK","pod",1,1,"rhizoplane",4,"Shannon",5.87771163553345
"269","MRF.CELRK.pod.1.1.rhizosphere_S54_L001","MRC","CELRK","pod",1,1,"rhizosphere",4,"Shannon",7.36393864278421
"270","MRF.CELRK.pod.2.1.rhizoplane_S118_L001","MRC","CELRK","pod",2,1,"rhizoplane",4,"Shannon",5.98360180090888
"271","MRF.CELRK.pod.2.1.rhizosphere_S68_L001","MRC","CELRK","pod",2,1,"rhizosphere",4,"Shannon",7.31203180581068
"272","MRF.CELRK.pod.2.3.rhizoplane_S5_L001","MRC","CELRK","pod",2,3,"rhizoplane",4,"Shannon",6.18055708664255
"273","MRF.CELRK.pod.2.3.rhizosphere_S107_L001","MRC","CELRK","pod",2,3,"rhizosphere",4,"Shannon",7.38101906227316
"274","MRF.CELRK.V2.1.1.rhizoplane_S30_L001","MRC","CELRK","V2",1,1,"rhizoplane",1,"Shannon",7.11808933313239
"275","MRF.CELRK.V2.1.1.rhizosphere_S118_L001","MRC","CELRK","V2",1,1,"rhizosphere",1,"Shannon",7.40363690311961
"276","MRF.CELRK.V2.1.2.rhizoplane_S121_L001","MRC","CELRK","V2",1,2,"rhizoplane",1,"Shannon",6.77029271760063
"277","MRF.CELRK.V2.1.2.rhizosphere_S58_L001","MRC","CELRK","V2",1,2,"rhizosphere",1,"Shannon",7.35691519624426
"278","MRF.CELRK.V2.2.1.rhizoplane_S76_L001","MRC","CELRK","V2",2,1,"rhizoplane",1,"Shannon",6.97163114913488
"279","MRF.CELRK.V2.2.1.rhizosphere_S76_L001","MRC","CELRK","V2",2,1,"rhizosphere",1,"Shannon",7.3503499896351
"280","MRF.CELRK.V2.2.2.rhizosphere_S16_L001","MRC","CELRK","V2",2,2,"rhizosphere",1,"Shannon",7.47914049567748
"281","MRF.CELRK.V2.2.3.rhizoplane_S111_L001","MRC","CELRK","V2",2,3,"rhizoplane",1,"Shannon",6.67455742234147
"282","MRF.CELRK.V2.2.3.rhizosphere_S24_L001","MRC","CELRK","V2",2,3,"rhizosphere",1,"Shannon",7.483426649602
"283","MRF.CELRK.V2.3.1.rhizoplane_S27_L001","MRC","CELRK","V2",3,1,"rhizoplane",1,"Shannon",6.76332540536378
"284","MRF.CELRK.V2.3.1.rhizosphere_S61_L001","MRC","CELRK","V2",3,1,"rhizosphere",1,"Shannon",7.39872794433552
"285","MRF.CELRK.V2.3.2.rhizoplane_S122_L001","MRC","CELRK","V2",3,2,"rhizoplane",1,"Shannon",6.76911998707847
"286","MRF.CELRK.V2.3.2.rhizosphere_S92_L001","MRC","CELRK","V2",3,2,"rhizosphere",1,"Shannon",7.46939174166624
"287","MRF.CELRK.V2.3.3.rhizoplane_S113_L001","MRC","CELRK","V2",3,3,"rhizoplane",1,"Shannon",6.82517886755956
"288","MRF.CELRK.V2.3.3.rhizosphere_S120_L001","MRC","CELRK","V2",3,3,"rhizosphere",1,"Shannon",7.46037317603634
"289","MRF.CELRK.V5.1.1.rhizoplane_S3_L001","MRC","CELRK","V5",1,1,"rhizoplane",2,"Shannon",6.71059310788632
"290","MRF.CELRK.V5.1.2.rhizoplane_S136_L001","MRC","CELRK","V5",1,2,"rhizoplane",2,"Shannon",6.57487491996066
"291","MRF.CELRK.V5.1.3.rhizoplane_S60_L001","MRC","CELRK","V5",1,3,"rhizoplane",2,"Shannon",6.58798108742951
"292","MRF.CELRK.V5.2.1.rhizoplane_S32_L001","MRC","CELRK","V5",2,1,"rhizoplane",2,"Shannon",6.67112199502724
"293","MRF.CELRK.V5.2.2.rhizoplane_S109_L001","MRC","CELRK","V5",2,2,"rhizoplane",2,"Shannon",6.68664503306264
"294","MRF.CELRK.V5.2.3.rhizoplane_S10_L001","MRC","CELRK","V5",2,3,"rhizoplane",2,"Shannon",6.60508704041422
"295","MRF.CELRK.V5.3.1.rhizoplane_S80_L001","MRC","CELRK","V5",3,1,"rhizoplane",2,"Shannon",6.41271596273641
"296","MRF.CELRK.V5.3.2.rhizoplane_S85_L001","MRC","CELRK","V5",3,2,"rhizoplane",2,"Shannon",6.37309184974388
"297","MRF.CELRK.V5.3.3.rhizoplane_S67_L001","MRC","CELRK","V5",3,3,"rhizoplane",2,"Shannon",6.45783887924313
"298","MRF.Eclipse.flowering.pod.1.1.rhizoplane_S137_L001","MRC","Eclipse","flowering/pod",1,1,"rhizoplane",3,"Shannon",6.41536875079977
"299","MRF.Eclipse.flowering.pod.1.1.rhizosphere_S17_L001","MRC","Eclipse","flowering/pod",1,1,"rhizosphere",3,"Shannon",7.29867821492385
"300","MRF.Eclipse.flowering.pod.1.2.rhizoplane_S68_L001","MRC","Eclipse","flowering/pod",1,2,"rhizoplane",3,"Shannon",6.36912225836826
"301","MRF.Eclipse.flowering.pod.1.2.rhizosphere_S43_L001","MRC","Eclipse","flowering/pod",1,2,"rhizosphere",3,"Shannon",7.20150597267288
"302","MRF.Eclipse.flowering.pod.1.3.rhizoplane_S100_L001","MRC","Eclipse","flowering/pod",1,3,"rhizoplane",3,"Shannon",6.79253663007399
"303","MRF.Eclipse.flowering.pod.1.3.rhizosphere_S52_L001","MRC","Eclipse","flowering/pod",1,3,"rhizosphere",3,"Shannon",7.32583404702968
"304","MRF.Eclipse.flowering.pod.2.1.rhizoplane_S108_L001","MRC","Eclipse","flowering/pod",2,1,"rhizoplane",3,"Shannon",6.66426219336888
"305","MRF.Eclipse.flowering.pod.2.1.rhizosphere_S70_L001","MRC","Eclipse","flowering/pod",2,1,"rhizosphere",3,"Shannon",7.29840812297079
"306","MRF.Eclipse.flowering.pod.2.2.rhizoplane_S97_L001","MRC","Eclipse","flowering/pod",2,2,"rhizoplane",3,"Shannon",6.57111340993688
"307","MRF.Eclipse.flowering.pod.2.2.rhizosphere_S104_L001","MRC","Eclipse","flowering/pod",2,2,"rhizosphere",3,"Shannon",7.30428544561856
"308","MRF.Eclipse.flowering.pod.2.3.rhizosphere_S40_L001","MRC","Eclipse","flowering/pod",2,3,"rhizosphere",3,"Shannon",7.22368188003444
"309","MRF.Eclipse.flowering.pod.3.1.rhizoplane_S28_L001","MRC","Eclipse","flowering/pod",3,1,"rhizoplane",3,"Shannon",6.39355372841711
"310","MRF.Eclipse.flowering.pod.3.1.rhizosphere_S36_L001","MRC","Eclipse","flowering/pod",3,1,"rhizosphere",3,"Shannon",7.23396367960845
"311","MRF.Eclipse.flowering.pod.3.2.rhizoplane_S59_L001","MRC","Eclipse","flowering/pod",3,2,"rhizoplane",3,"Shannon",6.67970293909682
"312","MRF.Eclipse.flowering.pod.3.2.rhizosphere_S29_L001","MRC","Eclipse","flowering/pod",3,2,"rhizosphere",3,"Shannon",7.26293628007839
"313","MRF.Eclipse.flowering.pod.3.3.rhizoplane_S22_L001","MRC","Eclipse","flowering/pod",3,3,"rhizoplane",3,"Shannon",7.1646783447516
"314","MRF.Eclipse.flowering.pod.3.3.rhizosphere_S110_L001","MRC","Eclipse","flowering/pod",3,3,"rhizosphere",3,"Shannon",7.38930042458534
"315","MRF.Eclipse.pod.1.1.rhizosphere_S8_L001","MRC","Eclipse","pod",1,1,"rhizosphere",4,"Shannon",7.37255607481196
"316","MRF.Eclipse.pod.2.1.rhizoplane_S88_L001","MRC","Eclipse","pod",2,1,"rhizoplane",4,"Shannon",6.85297756025073
"317","MRF.Eclipse.pod.2.1.rhizosphere_S27_L001","MRC","Eclipse","pod",2,1,"rhizosphere",4,"Shannon",7.33802196932025
"318","MRF.Eclipse.pod.2.2.rhizoplane_S95_L001","MRC","Eclipse","pod",2,2,"rhizoplane",4,"Shannon",7.14201088828165
"319","MRF.Eclipse.pod.2.2.rhizosphere_S91_L001","MRC","Eclipse","pod",2,2,"rhizosphere",4,"Shannon",7.15758146038213
"320","MRF.Eclipse.senesc.1.2.rhizoplane_S29_L001","MRC","Eclipse","senesc",1,2,"rhizoplane",5,"Shannon",6.43846337980878
"321","MRF.Eclipse.senesc.1.2.rhizosphere_S56_L001","MRC","Eclipse","senesc",1,2,"rhizosphere",5,"Shannon",7.43890093427266
"322","MRF.Eclipse.senesc.1.3.rhizoplane_S7_L001","MRC","Eclipse","senesc",1,3,"rhizoplane",5,"Shannon",4.7249689898234
"323","MRF.Eclipse.senesc.1.3.rhizosphere_S34_L001","MRC","Eclipse","senesc",1,3,"rhizosphere",5,"Shannon",7.45189800578413
"324","MRF.Eclipse.senesc.2.3.rhizoplane_S105_L001","MRC","Eclipse","senesc",2,3,"rhizoplane",5,"Shannon",6.51879703494726
"325","MRF.Eclipse.senesc.2.3.rhizosphere_S19_L001","MRC","Eclipse","senesc",2,3,"rhizosphere",5,"Shannon",7.45182858077077
"326","MRF.Eclipse.senesc.3.1.rhizoplane_S99_L001","MRC","Eclipse","senesc",3,1,"rhizoplane",5,"Shannon",5.18878281865261
"327","MRF.Eclipse.senesc.3.1.rhizosphere_S62_L001","MRC","Eclipse","senesc",3,1,"rhizosphere",5,"Shannon",7.31442524938261
"328","MRF.Eclipse.senesc.3.2.rhizoplane_S20_L001","MRC","Eclipse","senesc",3,2,"rhizoplane",5,"Shannon",7.06555038247372
"329","MRF.Eclipse.senesc.3.2.rhizosphere_S116_L001","MRC","Eclipse","senesc",3,2,"rhizosphere",5,"Shannon",7.19861896746824
"330","MRF.Eclipse.senesc.3.3.rhizoplane_S12_L001","MRC","Eclipse","senesc",3,3,"rhizoplane",5,"Shannon",6.99624359329191
"331","MRF.Eclipse.senesc.3.3.rhizosphere_S55_L001","MRC","Eclipse","senesc",3,3,"rhizosphere",5,"Shannon",7.11774757756036
"332","MRF.Eclipse.V2.1.1.rhizoplane_S84_L001","MRC","Eclipse","V2",1,1,"rhizoplane",1,"Shannon",6.52330189416841
"333","MRF.Eclipse.V2.1.1.rhizosphere_S12_L001","MRC","Eclipse","V2",1,1,"rhizosphere",1,"Shannon",7.36983247586656
"334","MRF.Eclipse.V2.1.2.rhizoplane_S89_L001","MRC","Eclipse","V2",1,2,"rhizoplane",1,"Shannon",7.0216393730906
"335","MRF.Eclipse.V2.1.2.rhizosphere_S65_L001","MRC","Eclipse","V2",1,2,"rhizosphere",1,"Shannon",7.33220026177819
"336","MRF.Eclipse.V2.1.3.rhizoplane_S93_L001","MRC","Eclipse","V2",1,3,"rhizoplane",1,"Shannon",6.79643457353484
"337","MRF.Eclipse.V2.1.3.rhizosphere_S111_L001","MRC","Eclipse","V2",1,3,"rhizosphere",1,"Shannon",7.36793705198902
"338","MRF.Eclipse.V2.2.1.rhizoplane_S77_L001","MRC","Eclipse","V2",2,1,"rhizoplane",1,"Shannon",7.09538796429993
"339","MRF.Eclipse.V2.2.1.rhizosphere_S26_L001","MRC","Eclipse","V2",2,1,"rhizosphere",1,"Shannon",7.39744628093379
"340","MRF.Eclipse.V2.2.2.rhizoplane_S39_L001","MRC","Eclipse","V2",2,2,"rhizoplane",1,"Shannon",6.61153508555426
"341","MRF.Eclipse.V2.2.2.rhizosphere_S7_L001","MRC","Eclipse","V2",2,2,"rhizosphere",1,"Shannon",7.40077620790743
"342","MRF.Eclipse.V2.2.3.rhizoplane_S11_L001","MRC","Eclipse","V2",2,3,"rhizoplane",1,"Shannon",6.61806138210035
"343","MRF.Eclipse.V2.2.3.rhizosphere_S98_L001","MRC","Eclipse","V2",2,3,"rhizosphere",1,"Shannon",7.12307512836377
"344","MRF.Eclipse.V2.3.1.rhizoplane_S104_L001","MRC","Eclipse","V2",3,1,"rhizoplane",1,"Shannon",7.15693350318851
"345","MRF.Eclipse.V2.3.1.rhizosphere_S72_L001","MRC","Eclipse","V2",3,1,"rhizosphere",1,"Shannon",7.44177355014278
"346","MRF.Eclipse.V2.3.2.rhizoplane_S56_L001","MRC","Eclipse","V2",3,2,"rhizoplane",1,"Shannon",6.7908037322623
"347","MRF.Eclipse.V2.3.2.rhizosphere_S81_L001","MRC","Eclipse","V2",3,2,"rhizosphere",1,"Shannon",7.34037571850302
"348","MRF.Eclipse.V2.3.3.rhizoplane_S69_L001","MRC","Eclipse","V2",3,3,"rhizoplane",1,"Shannon",7.26984915498446
"349","MRF.Eclipse.V2.3.3.rhizosphere_S60_L001","MRC","Eclipse","V2",3,3,"rhizosphere",1,"Shannon",7.32620747171759
"350","MRF.Eclipse.V5.1.1.rhizoplane_S90_L001","MRC","Eclipse","V5",1,1,"rhizoplane",2,"Shannon",7.03735025027486
"351","MRF.Eclipse.V5.1.1.rhizosphere_S57_L001","MRC","Eclipse","V5",1,1,"rhizosphere",2,"Shannon",7.43484313417882
"352","MRF.Eclipse.V5.1.2.rhizoplane_S26_L001","MRC","Eclipse","V5",1,2,"rhizoplane",2,"Shannon",6.7423124881852
"353","MRF.Eclipse.V5.1.2.rhizosphere_S18_L001","MRC","Eclipse","V5",1,2,"rhizosphere",2,"Shannon",7.42433357910258
"354","MRF.Eclipse.V5.1.3.rhizoplane_S119_L001","MRC","Eclipse","V5",1,3,"rhizoplane",2,"Shannon",6.62898442188121
"355","MRF.Eclipse.V5.1.3.rhizosphere_S88_L001","MRC","Eclipse","V5",1,3,"rhizosphere",2,"Shannon",7.41915536733588
"356","MRF.Eclipse.V5.2.1.rhizoplane_S132_L001","MRC","Eclipse","V5",2,1,"rhizoplane",2,"Shannon",6.79600394462229
"357","MRF.Eclipse.V5.2.1.rhizosphere_S95_L001","MRC","Eclipse","V5",2,1,"rhizosphere",2,"Shannon",7.39308069943319
"358","MRF.Eclipse.V5.2.2.rhizoplane_S103_L001","MRC","Eclipse","V5",2,2,"rhizoplane",2,"Shannon",6.91030174256466
"359","MRF.Eclipse.V5.2.2.rhizosphere_S46_L001","MRC","Eclipse","V5",2,2,"rhizosphere",2,"Shannon",7.51459773602074
"360","MRF.Eclipse.V5.2.3.rhizoplane_S47_L001","MRC","Eclipse","V5",2,3,"rhizoplane",2,"Shannon",6.91618923062205
"361","MRF.Eclipse.V5.2.3.rhizosphere_S112_L001","MRC","Eclipse","V5",2,3,"rhizosphere",2,"Shannon",7.33291222042681
"362","MRF.Eclipse.V5.3.1.rhizoplane_S63_L001","MRC","Eclipse","V5",3,1,"rhizoplane",2,"Shannon",7.10569408410977
"363","MRF.Eclipse.V5.3.1.rhizosphere_S89_L001","MRC","Eclipse","V5",3,1,"rhizosphere",2,"Shannon",7.37315536273152
"364","MRF.Eclipse.V5.3.2.rhizoplane_S120_L001","MRC","Eclipse","V5",3,2,"rhizoplane",2,"Shannon",6.73515015294165
"365","MRF.Eclipse.V5.3.2.rhizosphere_S75_L001","MRC","Eclipse","V5",3,2,"rhizosphere",2,"Shannon",7.32848475153916
"366","MRF.Eclipse.V5.3.3.rhizoplane_S130_L001","MRC","Eclipse","V5",3,3,"rhizoplane",2,"Shannon",6.76223565041722
"367","MRF.Eclipse.V5.3.3.rhizosphere_S41_L001","MRC","Eclipse","V5",3,3,"rhizosphere",2,"Shannon",7.18425535745196
"368","SVERC.CELRK.dry.1.1.rhizoplane_S102_L001","SVERC","CELRK","dry",1,1,"rhizoplane",6,"Shannon",6.68068328691812
"369","SVERC.CELRK.dry.1.1.rhizosphere_S90_L001","SVERC","CELRK","dry",1,1,"rhizosphere",6,"Shannon",7.06176565479469
"370","SVERC.CELRK.dry.1.2.rhizosphere_S77_L001","SVERC","CELRK","dry",1,2,"rhizosphere",6,"Shannon",6.95027470655467
"371","SVERC.CELRK.dry.1.3.rhizoplane_S53_L001","SVERC","CELRK","dry",1,3,"rhizoplane",6,"Shannon",6.14418672836883
"372","SVERC.CELRK.dry.1.3.rhizosphere_S48_L001","SVERC","CELRK","dry",1,3,"rhizosphere",6,"Shannon",6.90247893454868
"373","SVERC.CELRK.dry.2.1.rhizoplane_S57_L001","SVERC","CELRK","dry",2,1,"rhizoplane",6,"Shannon",5.21503133179069
"374","SVERC.CELRK.dry.2.1.rhizosphere_S13_L001","SVERC","CELRK","dry",2,1,"rhizosphere",6,"Shannon",6.87850557029943
"375","SVERC.CELRK.dry.2.2.rhizoplane_S58_L001","SVERC","CELRK","dry",2,2,"rhizoplane",6,"Shannon",6.38548156443471
"376","SVERC.CELRK.dry.2.2.rhizosphere_S47_L001","SVERC","CELRK","dry",2,2,"rhizosphere",6,"Shannon",6.91979774185083
"377","SVERC.CELRK.dry.3.1.rhizosphere_S74_L001","SVERC","CELRK","dry",3,1,"rhizosphere",6,"Shannon",6.91162174411671
"378","SVERC.CELRK.dry.3.2.rhizosphere_S63_L001","SVERC","CELRK","dry",3,2,"rhizosphere",6,"Shannon",7.02356664346434
"379","SVERC.CELRK.flow.3.1.rhizoplane_S126_L001","SVERC","CELRK","flow",3,1,"rhizoplane",3,"Shannon",6.52314712340657
"380","SVERC.CELRK.flow.3.1.rhizosphere_S71_L001","SVERC","CELRK","flow",3,1,"rhizosphere",3,"Shannon",6.94507778011623
"381","SVERC.CELRK.flow.pod.2.2.rhizoplane_S117_L001","SVERC","CELRK","flow/pod",2,2,"rhizoplane",3,"Shannon",6.24339907183212
"382","SVERC.CELRK.flow.pod.2.2.rhizosphere_S80_L001","SVERC","CELRK","flow/pod",2,2,"rhizosphere",3,"Shannon",7.06654321169678
"383","SVERC.CELRK.flow.pod.3.3.rhizoplane_S107_L001","SVERC","CELRK","flow/pod",3,3,"rhizoplane",3,"Shannon",6.31722052764706
"384","SVERC.CELRK.flow.pod.3.3.rhizosphere_S119_L001","SVERC","CELRK","flow/pod",3,3,"rhizosphere",3,"Shannon",6.94428505412967
"385","SVERC.CELRK.pod.1.1.rhizoplane_S127_L001","SVERC","CELRK","pod",1,1,"rhizoplane",4,"Shannon",6.14205223011943
"386","SVERC.CELRK.pod.1.1.rhizosphere_S123_L001","SVERC","CELRK","pod",1,1,"rhizosphere",4,"Shannon",7.0180053256499
"387","SVERC.CELRK.pod.1.2.rhizosphere_S102_L001","SVERC","CELRK","pod",1,2,"rhizosphere",4,"Shannon",6.89841145952676
"388","SVERC.CELRK.pod.2.1.rhizoplane_S79_L001","SVERC","CELRK","pod",2,1,"rhizoplane",4,"Shannon",6.65085979649425
"389","SVERC.CELRK.pod.2.1.rhizosphere_S9_L001","SVERC","CELRK","pod",2,1,"rhizosphere",4,"Shannon",6.87219876583034
"390","SVERC.CELRK.pod.3.2.rhizoplane_S98_L001","SVERC","CELRK","pod",3,2,"rhizoplane",4,"Shannon",6.1048497726529
"391","SVERC.CELRK.pod.3.2.rhizosphere_S32_L001","SVERC","CELRK","pod",3,2,"rhizosphere",4,"Shannon",6.94979342441632
"392","SVERC.CELRK.V2.1.3.rhizoplane_S54_L001","SVERC","CELRK","V2",1,3,"rhizoplane",1,"Shannon",6.36807661092509
"393","SVERC.CELRK.V2.1.3.rhizosphere_S67_L001","SVERC","CELRK","V2",1,3,"rhizosphere",1,"Shannon",7.04493660999352
"394","SVERC.CELRK.V2.2.2.rhizoplane_S49_L001","SVERC","CELRK","V2",2,2,"rhizoplane",1,"Shannon",5.33648400366225
"395","SVERC.CELRK.V2.2.2.rhizosphere_S6_L001","SVERC","CELRK","V2",2,2,"rhizosphere",1,"Shannon",6.98128518823903
"396","SVERC.CELRK.V2.2.3.rhizoplane_S36_L001","SVERC","CELRK","V2",2,3,"rhizoplane",1,"Shannon",5.76012200020457
"397","SVERC.CELRK.V2.2.3.rhizosphere_S113_L001","SVERC","CELRK","V2",2,3,"rhizosphere",1,"Shannon",6.96695685077269
"398","SVERC.CELRK.V5.1.1.rhizoplane_S33_L001","SVERC","CELRK","V5",1,1,"rhizoplane",2,"Shannon",5.94263920864684
"399","SVERC.CELRK.V5.1.1.rhizosphere_S64_L001","SVERC","CELRK","V5",1,1,"rhizosphere",2,"Shannon",7.100524327869
"400","SVERC.CELRK.V5.1.2.rhizosphere_S59_L001","SVERC","CELRK","V5",1,2,"rhizosphere",2,"Shannon",7.00075134234666
"401","SVERC.CELRK.V5.1.3.rhizoplane_S16_L001","SVERC","CELRK","V5",1,3,"rhizoplane",2,"Shannon",5.86037399218215
"402","SVERC.CELRK.V5.1.3.rhizosphere_S115_L001","SVERC","CELRK","V5",1,3,"rhizosphere",2,"Shannon",7.03394417836081
"403","SVERC.CELRK.V5.2.1.rhizoplane_S2_L001","SVERC","CELRK","V5",2,1,"rhizoplane",2,"Shannon",6.37813869005915
"404","SVERC.CELRK.V5.2.1.rhizosphere_S82_L001","SVERC","CELRK","V5",2,1,"rhizosphere",2,"Shannon",7.07259619748325
"405","SVERC.CELRK.V5.2.2.rhizoplane_S87_L001","SVERC","CELRK","V5",2,2,"rhizoplane",2,"Shannon",5.43600943344073
"406","SVERC.CELRK.V5.2.2.rhizosphere_S10_L001","SVERC","CELRK","V5",2,2,"rhizosphere",2,"Shannon",6.78930299966569
"407","SVERC.CELRK.V5.2.3.rhizoplane_S65_L001","SVERC","CELRK","V5",2,3,"rhizoplane",2,"Shannon",6.03778634552225
"408","SVERC.CELRK.V5.2.3.rhizosphere_S117_L001","SVERC","CELRK","V5",2,3,"rhizosphere",2,"Shannon",6.83475239660521
"409","SVERC.CELRK.V5.3.1.rhizoplane_S42_L001","SVERC","CELRK","V5",3,1,"rhizoplane",2,"Shannon",6.0998469776909
"410","SVERC.CELRK.V5.3.1.rhizosphere_S84_L001","SVERC","CELRK","V5",3,1,"rhizosphere",2,"Shannon",7.14975510575088
"411","SVERC.CELRK.V5.3.2.rhizoplane_S73_L001","SVERC","CELRK","V5",3,2,"rhizoplane",2,"Shannon",5.44061869421918
"412","SVERC.CELRK.V5.3.2.rhizosphere_S101_L001","SVERC","CELRK","V5",3,2,"rhizosphere",2,"Shannon",7.08756139447391
"413","SVERC.CELRK.V5.3.3.rhizoplane_S23_L001","SVERC","CELRK","V5",3,3,"rhizoplane",2,"Shannon",5.26905983909062
"414","SVERC.CELRK.V5.3.3.rhizosphere_S106_L001","SVERC","CELRK","V5",3,3,"rhizosphere",2,"Shannon",7.06425268635993
"415","SVERC.Eclipse.dry.1.1.rhizoplane_S15_L001","SVERC","Eclipse","dry",1,1,"rhizoplane",6,"Shannon",6.99268949500864
"416","SVERC.Eclipse.dry.1.1.rhizosphere_S15_L001","SVERC","Eclipse","dry",1,1,"rhizosphere",6,"Shannon",6.8933906959059
"417","SVERC.Eclipse.dry.1.2.rhizoplane_S17_L001","SVERC","Eclipse","dry",1,2,"rhizoplane",6,"Shannon",4.63056455986391
"418","SVERC.Eclipse.dry.1.2.rhizosphere_S3_L001","SVERC","Eclipse","dry",1,2,"rhizosphere",6,"Shannon",6.97405957788642
"419","SVERC.Eclipse.dry.1.3.rhizosphere_S97_L001","SVERC","Eclipse","dry",1,3,"rhizosphere",6,"Shannon",6.98027490966945
"420","SVERC.Eclipse.dry.2.1.rhizoplane_S46_L001","SVERC","Eclipse","dry",2,1,"rhizoplane",6,"Shannon",4.7966656097513
"421","SVERC.Eclipse.dry.2.1.rhizosphere_S2_L001","SVERC","Eclipse","dry",2,1,"rhizosphere",6,"Shannon",6.90906277316292
"422","SVERC.Eclipse.dry.2.2.rhizoplane_S110_L001","SVERC","Eclipse","dry",2,2,"rhizoplane",6,"Shannon",4.94560142957594
"423","SVERC.Eclipse.dry.2.2.rhizosphere_S78_L001","SVERC","Eclipse","dry",2,2,"rhizosphere",6,"Shannon",6.88331228724573
"424","SVERC.Eclipse.dry.2.3.rhizoplane_S61_L001","SVERC","Eclipse","dry",2,3,"rhizoplane",6,"Shannon",5.92608917140539
"425","SVERC.Eclipse.dry.2.3.rhizosphere_S37_L001","SVERC","Eclipse","dry",2,3,"rhizosphere",6,"Shannon",6.98418682805802
"426","SVERC.Eclipse.dry.3.1.rhizoplane_S34_L001","SVERC","Eclipse","dry",3,1,"rhizoplane",6,"Shannon",6.46980344211245
"427","SVERC.Eclipse.dry.3.1.rhizosphere_S39_L001","SVERC","Eclipse","dry",3,1,"rhizosphere",6,"Shannon",6.94060171344768
"428","SVERC.Eclipse.dry.3.2.rhizoplane_S19_L001","SVERC","Eclipse","dry",3,2,"rhizoplane",6,"Shannon",4.9735204059221
"429","SVERC.Eclipse.dry.3.2.rhizosphere_S122_L001","SVERC","Eclipse","dry",3,2,"rhizosphere",6,"Shannon",6.86267784293231
"430","SVERC.Eclipse.dry.3.3.rhizoplane_S128_L001","SVERC","Eclipse","dry",3,3,"rhizoplane",6,"Shannon",5.5850969903306
"431","SVERC.Eclipse.dry.3.3.rhizosphere_S25_L001","SVERC","Eclipse","dry",3,3,"rhizosphere",6,"Shannon",6.9130187220086
"432","SVERC.Eclipse.flowering.1.1.rhizoplane_S139_L001","SVERC","Eclipse","flowering",1,1,"rhizoplane",3,"Shannon",3.21638980574958
"433","SVERC.Eclipse.flowering.1.1.rhizosphere_S103_L001","SVERC","Eclipse","flowering",1,1,"rhizosphere",3,"Shannon",7.10616694876481
"434","SVERC.Eclipse.flowering.1.2.rhizoplane_S21_L001","SVERC","Eclipse","flowering",1,2,"rhizoplane",3,"Shannon",6.55409627486157
"435","SVERC.Eclipse.flowering.1.2.rhizosphere_S30_L001","SVERC","Eclipse","flowering",1,2,"rhizosphere",3,"Shannon",7.20097602693184
"436","SVERC.Eclipse.flowering.1.3.rhizosphere_S50_L001","SVERC","Eclipse","flowering",1,3,"rhizosphere",3,"Shannon",7.10956918579325
"437","SVERC.Eclipse.flowering.2.1.rhizoplane_S75_L001","SVERC","Eclipse","flowering",2,1,"rhizoplane",3,"Shannon",5.12014878022759
"438","SVERC.Eclipse.flowering.2.1.rhizosphere_S83_L001","SVERC","Eclipse","flowering",2,1,"rhizosphere",3,"Shannon",6.98737704212667
"439","SVERC.Eclipse.flowering.2.2.rhizoplane_S37_L001","SVERC","Eclipse","flowering",2,2,"rhizoplane",3,"Shannon",6.29070297373871
"440","SVERC.Eclipse.flowering.2.2.rhizosphere_S14_L001","SVERC","Eclipse","flowering",2,2,"rhizosphere",3,"Shannon",7.01681005055778
"441","SVERC.Eclipse.flowering.2.3.rhizoplane_S51_L001","SVERC","Eclipse","flowering",2,3,"rhizoplane",3,"Shannon",6.09713086498616
"442","SVERC.Eclipse.flowering.2.3.rhizosphere_S66_L001","SVERC","Eclipse","flowering",2,3,"rhizosphere",3,"Shannon",6.99280162224089
"443","SVERC.Eclipse.flowering.3.1.rhizoplane_S64_L001","SVERC","Eclipse","flowering",3,1,"rhizoplane",3,"Shannon",6.46473082661166
"444","SVERC.Eclipse.flowering.3.1.rhizosphere_S99_L001","SVERC","Eclipse","flowering",3,1,"rhizosphere",3,"Shannon",6.92727889706684
"445","SVERC.Eclipse.flowering.3.2.rhizoplane_S48_L001","SVERC","Eclipse","flowering",3,2,"rhizoplane",3,"Shannon",5.43741025039639
"446","SVERC.Eclipse.flowering.3.2.rhizosphere_S100_L001","SVERC","Eclipse","flowering",3,2,"rhizosphere",3,"Shannon",7.09699300915176
"447","SVERC.Eclipse.flowering.pod.3.3.rhizoplane_S78_L001","SVERC","Eclipse","flowering/pod",3,3,"rhizoplane",3,"Shannon",5.61855341750083
"448","SVERC.Eclipse.flowering.pod.3.3.rhizosphere_S105_L001","SVERC","Eclipse","flowering/pod",3,3,"rhizosphere",3,"Shannon",7.05127813807819
"449","SVERC.Eclipse.V2.1.2.rhizoplane_S1_L001","SVERC","Eclipse","V2",1,2,"rhizoplane",1,"Shannon",6.33126228597309
"450","SVERC.Eclipse.V2.1.2.rhizosphere_S1_L001","SVERC","Eclipse","V2",1,2,"rhizosphere",1,"Shannon",7.1155147694028
"451","SVERC.Eclipse.V2.1.3.rhizoplane_S52_L001","SVERC","Eclipse","V2",1,3,"rhizoplane",1,"Shannon",6.38558461373873
"452","SVERC.Eclipse.V2.1.3.rhizosphere_S73_L001","SVERC","Eclipse","V2",1,3,"rhizosphere",1,"Shannon",6.93969958096576
"453","SVERC.Eclipse.V2.2.2.rhizoplane_S13_L001","SVERC","Eclipse","V2",2,2,"rhizoplane",1,"Shannon",6.51623141183998
"454","SVERC.Eclipse.V2.2.2.rhizosphere_S21_L001","SVERC","Eclipse","V2",2,2,"rhizosphere",1,"Shannon",6.98777184343371
"455","SVERC.Eclipse.V2.2.3.rhizoplane_S91_L001","SVERC","Eclipse","V2",2,3,"rhizoplane",1,"Shannon",6.18926072314511
"456","SVERC.Eclipse.V2.2.3.rhizosphere_S28_L001","SVERC","Eclipse","V2",2,3,"rhizosphere",1,"Shannon",7.02156037873802
"457","SVERC.Eclipse.V2.3.1.rhizoplane_S71_L001","SVERC","Eclipse","V2",3,1,"rhizoplane",1,"Shannon",6.3599181972363
"458","SVERC.Eclipse.V2.3.1.rhizosphere_S5_L001","SVERC","Eclipse","V2",3,1,"rhizosphere",1,"Shannon",6.91713278659816
"459","SVERC.Eclipse.V2.3.2.rhizoplane_S83_L001","SVERC","Eclipse","V2",3,2,"rhizoplane",1,"Shannon",6.6558937833156
"460","SVERC.Eclipse.V2.3.2.rhizosphere_S20_L001","SVERC","Eclipse","V2",3,2,"rhizosphere",1,"Shannon",7.11587787638942
"461","SVERC.Eclipse.V2.3.3.rhizoplane_S131_L001","SVERC","Eclipse","V2",3,3,"rhizoplane",1,"Shannon",6.60751922772595
"462","SVERC.Eclipse.V2.3.3.rhizosphere_S22_L001","SVERC","Eclipse","V2",3,3,"rhizosphere",1,"Shannon",6.96889707895741
"463","SVERC.Eclipse.V5.1.1.rhizoplane_S6_L001","SVERC","Eclipse","V5",1,1,"rhizoplane",2,"Shannon",6.05122155199852
"464","SVERC.Eclipse.V5.1.1.rhizosphere_S69_L001","SVERC","Eclipse","V5",1,1,"rhizosphere",2,"Shannon",7.00684271490128
"465","SVERC.Eclipse.V5.1.2.rhizosphere_S121_L001","SVERC","Eclipse","V5",1,2,"rhizosphere",2,"Shannon",7.0422859906312
"466","SVERC.Eclipse.V5.2.1.rhizoplane_S82_L001","SVERC","Eclipse","V5",2,1,"rhizoplane",2,"Shannon",5.6241018982756
"467","SVERC.Eclipse.V5.2.1.rhizosphere_S33_L001","SVERC","Eclipse","V5",2,1,"rhizosphere",2,"Shannon",7.01287876143428
"468","SVERC.Eclipse.V5.2.2.rhizoplane_S74_L001","SVERC","Eclipse","V5",2,2,"rhizoplane",2,"Shannon",6.21395374823911
"469","SVERC.Eclipse.V5.2.2.rhizosphere_S79_L001","SVERC","Eclipse","V5",2,2,"rhizosphere",2,"Shannon",7.08328249842792
"470","SVERC.Eclipse.V5.2.3.rhizoplane_S124_L001","SVERC","Eclipse","V5",2,3,"rhizoplane",2,"Shannon",6.07541893273165
"471","SVERC.Eclipse.V5.2.3.rhizosphere_S87_L001","SVERC","Eclipse","V5",2,3,"rhizosphere",2,"Shannon",7.0449053356808
"472","SVERC.Eclipse.V5.3.1.rhizoplane_S115_L001","SVERC","Eclipse","V5",3,1,"rhizoplane",2,"Shannon",5.40032863155735
"473","SVERC.Eclipse.V5.3.1.rhizosphere_S31_L001","SVERC","Eclipse","V5",3,1,"rhizosphere",2,"Shannon",6.93588188782097
"474","SVERC.Eclipse.V5.3.2.rhizosphere_S38_L001","SVERC","Eclipse","V5",3,2,"rhizosphere",2,"Shannon",6.99688536904045
"475","SVERC.Eclipse.V5.3.3.rhizoplane_S101_L001","SVERC","Eclipse","V5",3,3,"rhizoplane",2,"Shannon",6.00437012726539
"476","SVERC.Eclipse.V5.3.3.rhizosphere_S51_L001","SVERC","Eclipse","V5",3,3,"rhizosphere",2,"Shannon",6.97309277016132
"477","SVREC.CELRK.V2.1.1.rhizoplane_S116_L001","SVERC","CELRK","V2",1,1,"rhizoplane",2,"Shannon",5.62940650915055
"478","SVREC.CELRK.V2.1.2.rhizoplane_S138_L001","SVERC","CELRK","V2",1,2,"rhizoplane",1,"Shannon",5.91134334986867
"479","SVREC.CELRK.V2.2.1.rhizoplane_S96_L001","SVERC","CELRK","V2",2,1,"rhizoplane",1,"Shannon",5.52572109136117
"480","SVREC.CELRK.V2.2.2.rhizoplane_S44_L001","SVERC","CELRK","V2",2,2,"rhizoplane",1,"Shannon",6.22155149901497
"481","SVREC.CELRK.V2.2.3.rhizoplane_S94_L001","SVERC","CELRK","V2",2,3,"rhizoplane",1,"Shannon",6.1682787539241
"482","SVREC.CELRK.V2.3.1.rhizoplane_S24_L001","SVERC","CELRK","V2",3,1,"rhizoplane",1,"Shannon",5.78194600440845
"483","SVREC.Eclipse.V2.1.1.rhizoplane_S114_L001","SVERC","Eclipse","V2",1,1,"rhizoplane",1,"Shannon",5.73463374452998
"484","SVREC.Eclipse.V2.2.1.rhizoplane_S70_L001","SVERC","Eclipse","V2",2,1,"rhizoplane",1,"Shannon",5.57918608458031
"485","MRC.CELRK.V5.1.1.rhizosphere_S114_L001","MRC","CELRK","V5",1,1,"rhizosphere",2,"Pielou",0.897226181203351
"486","MRC.CELRK.V5.1.2.rhizosphere_S35_L001","MRC","CELRK","V5",1,2,"rhizosphere",2,"Pielou",0.895222653999125
"487","MRC.CELRK.V5.1.3.rhizosphere_S4_L001","MRC","CELRK","V5",1,3,"rhizosphere",2,"Pielou",0.901286753922364
"488","MRC.CELRK.V5.2.1.rhizosphere_S53_L001","MRC","CELRK","V5",2,1,"rhizosphere",2,"Pielou",0.897848825293139
"489","MRC.CELRK.V5.2.2.rhizosphere_S49_L001","MRC","CELRK","V5",2,2,"rhizosphere",2,"Pielou",0.894813456233072
"490","MRC.CELRK.V5.2.3.rhizosphere_S108_L001","MRC","CELRK","V5",2,3,"rhizosphere",2,"Pielou",0.905751024781663
"491","MRC.CELRK.V5.3.1.rhizosphere_S85_L001","MRC","CELRK","V5",3,1,"rhizosphere",2,"Pielou",0.901043941946286
"492","MRC.CELRK.V5.3.2.rhizosphere_S42_L001","MRC","CELRK","V5",3,2,"rhizosphere",2,"Pielou",0.89061360363646
"493","MRC.CELRK.V5.3.3.rhizosphere_S11_L001","MRC","CELRK","V5",3,3,"rhizosphere",2,"Pielou",0.894255009542496
"494","MRF.CELRK.dry.1.1.rhizoplane_S86_L001","MRC","CELRK","dry",1,1,"rhizoplane",6,"Pielou",0.867506252179595
"495","MRF.CELRK.dry.1.1.rhizosphere_S45_L001","MRC","CELRK","dry",1,1,"rhizosphere",6,"Pielou",0.890672911323699
"496","MRF.CELRK.dry.1.2.rhizoplane_S41_L001","MRC","CELRK","dry",1,2,"rhizoplane",6,"Pielou",0.879997820898066
"497","MRF.CELRK.dry.1.2.rhizosphere_S125_L001","MRC","CELRK","dry",1,2,"rhizosphere",6,"Pielou",0.899848568133944
"498","MRF.CELRK.dry.2.1.rhizoplane_S38_L001","MRC","CELRK","dry",2,1,"rhizoplane",6,"Pielou",0.861277765111323
"499","MRF.CELRK.dry.2.2.rhizoplane_S133_L001","MRC","CELRK","dry",2,2,"rhizoplane",6,"Pielou",0.881732562166911
"500","MRF.CELRK.dry.2.2.rhizosphere_S23_L001","MRC","CELRK","dry",2,2,"rhizosphere",6,"Pielou",0.899883084321264
"501","MRF.CELRK.dry.3.1.rhizoplane_S31_L001","MRC","CELRK","dry",3,1,"rhizoplane",6,"Pielou",0.889434707752899
"502","MRF.CELRK.dry.3.2.rhizoplane_S81_L001","MRC","CELRK","dry",3,2,"rhizoplane",6,"Pielou",0.828363141623549
"503","MRF.CELRK.dry.3.2.rhizosphere_S109_L001","MRC","CELRK","dry",3,2,"rhizosphere",6,"Pielou",0.899163422263933
"504","MRF.CELRK.dry.3.3.rhizoplane_S123_L001","MRC","CELRK","dry",3,3,"rhizoplane",6,"Pielou",0.835395091064949
"505","MRF.CELRK.dry.3.3.rhizosphere_S44_L001","MRC","CELRK","dry",3,3,"rhizosphere",6,"Pielou",0.900824375427188
"506","MRF.CELRK.flowering.pod.2.2.rhizoplane_S25_L001","MRC","CELRK","flowering/pod",2,2,"rhizoplane",3,"Pielou",0.797861911435595
"507","MRF.CELRK.flowering.pod.2.2.rhizosphere_S86_L001","MRC","CELRK","flowering/pod",2,2,"rhizosphere",3,"Pielou",0.89633502861969
"508","MRF.CELRK.flowering.pod.3.1.rhizoplane_S129_L001","MRC","CELRK","flowering/pod",3,1,"rhizoplane",3,"Pielou",0.846371575601933
"509","MRF.CELRK.flowering.pod.3.2.rhizosphere_S93_L001","MRC","CELRK","flowering/pod",3,2,"rhizosphere",3,"Pielou",0.883015493789595
"510","MRF.CELRK.pod.1.1.rhizoplane_S140_L001","MRC","CELRK","pod",1,1,"rhizoplane",4,"Pielou",0.766235460757809
"511","MRF.CELRK.pod.1.1.rhizosphere_S54_L001","MRC","CELRK","pod",1,1,"rhizosphere",4,"Pielou",0.895900374153081
"512","MRF.CELRK.pod.2.1.rhizoplane_S118_L001","MRC","CELRK","pod",2,1,"rhizoplane",4,"Pielou",0.774366330409814
"513","MRF.CELRK.pod.2.1.rhizosphere_S68_L001","MRC","CELRK","pod",2,1,"rhizosphere",4,"Pielou",0.894070870674447
"514","MRF.CELRK.pod.2.3.rhizoplane_S5_L001","MRC","CELRK","pod",2,3,"rhizoplane",4,"Pielou",0.791246678886688
"515","MRF.CELRK.pod.2.3.rhizosphere_S107_L001","MRC","CELRK","pod",2,3,"rhizosphere",4,"Pielou",0.899252774815109
"516","MRF.CELRK.V2.1.1.rhizoplane_S30_L001","MRC","CELRK","V2",1,1,"rhizoplane",1,"Pielou",0.874236552288087
"517","MRF.CELRK.V2.1.1.rhizosphere_S118_L001","MRC","CELRK","V2",1,1,"rhizosphere",1,"Pielou",0.902881046395206
"518","MRF.CELRK.V2.1.2.rhizoplane_S121_L001","MRC","CELRK","V2",1,2,"rhizoplane",1,"Pielou",0.841894561372354
"519","MRF.CELRK.V2.1.2.rhizosphere_S58_L001","MRC","CELRK","V2",1,2,"rhizosphere",1,"Pielou",0.899158527706537
"520","MRF.CELRK.V2.2.1.rhizoplane_S76_L001","MRC","CELRK","V2",2,1,"rhizoplane",1,"Pielou",0.861422978637822
"521","MRF.CELRK.V2.2.1.rhizosphere_S76_L001","MRC","CELRK","V2",2,1,"rhizosphere",1,"Pielou",0.898602103973139
"522","MRF.CELRK.V2.2.2.rhizosphere_S16_L001","MRC","CELRK","V2",2,2,"rhizosphere",1,"Pielou",0.903449333799153
"523","MRF.CELRK.V2.2.3.rhizoplane_S111_L001","MRC","CELRK","V2",2,3,"rhizoplane",1,"Pielou",0.832245131232927
"524","MRF.CELRK.V2.2.3.rhizosphere_S24_L001","MRC","CELRK","V2",2,3,"rhizosphere",1,"Pielou",0.904607165514039
"525","MRF.CELRK.V2.3.1.rhizoplane_S27_L001","MRC","CELRK","V2",3,1,"rhizoplane",1,"Pielou",0.843451965033909
"526","MRF.CELRK.V2.3.1.rhizosphere_S61_L001","MRC","CELRK","V2",3,1,"rhizosphere",1,"Pielou",0.902736872354996
"527","MRF.CELRK.V2.3.2.rhizoplane_S122_L001","MRC","CELRK","V2",3,2,"rhizoplane",1,"Pielou",0.844209277150954
"528","MRF.CELRK.V2.3.2.rhizosphere_S92_L001","MRC","CELRK","V2",3,2,"rhizosphere",1,"Pielou",0.905945314891655
"529","MRF.CELRK.V2.3.3.rhizoplane_S113_L001","MRC","CELRK","V2",3,3,"rhizoplane",1,"Pielou",0.843582324746333
"530","MRF.CELRK.V2.3.3.rhizosphere_S120_L001","MRC","CELRK","V2",3,3,"rhizosphere",1,"Pielou",0.90373458278957
"531","MRF.CELRK.V5.1.1.rhizoplane_S3_L001","MRC","CELRK","V5",1,1,"rhizoplane",2,"Pielou",0.837427395281614
"532","MRF.CELRK.V5.1.2.rhizoplane_S136_L001","MRC","CELRK","V5",1,2,"rhizoplane",2,"Pielou",0.82523455586993
"533","MRF.CELRK.V5.1.3.rhizoplane_S60_L001","MRC","CELRK","V5",1,3,"rhizoplane",2,"Pielou",0.823669021276966
"534","MRF.CELRK.V5.2.1.rhizoplane_S32_L001","MRC","CELRK","V5",2,1,"rhizoplane",2,"Pielou",0.832227063251028
"535","MRF.CELRK.V5.2.2.rhizoplane_S109_L001","MRC","CELRK","V5",2,2,"rhizoplane",2,"Pielou",0.835026914382923
"536","MRF.CELRK.V5.2.3.rhizoplane_S10_L001","MRC","CELRK","V5",2,3,"rhizoplane",2,"Pielou",0.828379892169749
"537","MRF.CELRK.V5.3.1.rhizoplane_S80_L001","MRC","CELRK","V5",3,1,"rhizoplane",2,"Pielou",0.806758959197227
"538","MRF.CELRK.V5.3.2.rhizoplane_S85_L001","MRC","CELRK","V5",3,2,"rhizoplane",2,"Pielou",0.806996656622796
"539","MRF.CELRK.V5.3.3.rhizoplane_S67_L001","MRC","CELRK","V5",3,3,"rhizoplane",2,"Pielou",0.813928980359111
"540","MRF.Eclipse.flowering.pod.1.1.rhizoplane_S137_L001","MRC","Eclipse","flowering/pod",1,1,"rhizoplane",3,"Pielou",0.813582864599715
"541","MRF.Eclipse.flowering.pod.1.1.rhizosphere_S17_L001","MRC","Eclipse","flowering/pod",1,1,"rhizosphere",3,"Pielou",0.894138898994701
"542","MRF.Eclipse.flowering.pod.1.2.rhizoplane_S68_L001","MRC","Eclipse","flowering/pod",1,2,"rhizoplane",3,"Pielou",0.814294663611176
"543","MRF.Eclipse.flowering.pod.1.2.rhizosphere_S43_L001","MRC","Eclipse","flowering/pod",1,2,"rhizosphere",3,"Pielou",0.88727648026023
"544","MRF.Eclipse.flowering.pod.1.3.rhizoplane_S100_L001","MRC","Eclipse","flowering/pod",1,3,"rhizoplane",3,"Pielou",0.852851247594307
"545","MRF.Eclipse.flowering.pod.1.3.rhizosphere_S52_L001","MRC","Eclipse","flowering/pod",1,3,"rhizosphere",3,"Pielou",0.898031632536496
"546","MRF.Eclipse.flowering.pod.2.1.rhizoplane_S108_L001","MRC","Eclipse","flowering/pod",2,1,"rhizoplane",3,"Pielou",0.834903492846662
"547","MRF.Eclipse.flowering.pod.2.1.rhizosphere_S70_L001","MRC","Eclipse","flowering/pod",2,1,"rhizosphere",3,"Pielou",0.892466321386396
"548","MRF.Eclipse.flowering.pod.2.2.rhizoplane_S97_L001","MRC","Eclipse","flowering/pod",2,2,"rhizoplane",3,"Pielou",0.827832634811039
"549","MRF.Eclipse.flowering.pod.2.2.rhizosphere_S104_L001","MRC","Eclipse","flowering/pod",2,2,"rhizosphere",3,"Pielou",0.895926392460254
"550","MRF.Eclipse.flowering.pod.2.3.rhizosphere_S40_L001","MRC","Eclipse","flowering/pod",2,3,"rhizosphere",3,"Pielou",0.89139475432084
"551","MRF.Eclipse.flowering.pod.3.1.rhizoplane_S28_L001","MRC","Eclipse","flowering/pod",3,1,"rhizoplane",3,"Pielou",0.818006961091184
"552","MRF.Eclipse.flowering.pod.3.1.rhizosphere_S36_L001","MRC","Eclipse","flowering/pod",3,1,"rhizosphere",3,"Pielou",0.887803729953672
"553","MRF.Eclipse.flowering.pod.3.2.rhizoplane_S59_L001","MRC","Eclipse","flowering/pod",3,2,"rhizoplane",3,"Pielou",0.840759196756659
"554","MRF.Eclipse.flowering.pod.3.2.rhizosphere_S29_L001","MRC","Eclipse","flowering/pod",3,2,"rhizosphere",3,"Pielou",0.89076026401785
"555","MRF.Eclipse.flowering.pod.3.3.rhizoplane_S22_L001","MRC","Eclipse","flowering/pod",3,3,"rhizoplane",3,"Pielou",0.882317895717225
"556","MRF.Eclipse.flowering.pod.3.3.rhizosphere_S110_L001","MRC","Eclipse","flowering/pod",3,3,"rhizosphere",3,"Pielou",0.899547357006796
"557","MRF.Eclipse.pod.1.1.rhizosphere_S8_L001","MRC","Eclipse","pod",1,1,"rhizosphere",4,"Pielou",0.901131762608677
"558","MRF.Eclipse.pod.2.1.rhizoplane_S88_L001","MRC","Eclipse","pod",2,1,"rhizoplane",4,"Pielou",0.856836477198121
"559","MRF.Eclipse.pod.2.1.rhizosphere_S27_L001","MRC","Eclipse","pod",2,1,"rhizosphere",4,"Pielou",0.897526350110633
"560","MRF.Eclipse.pod.2.2.rhizoplane_S95_L001","MRC","Eclipse","pod",2,2,"rhizoplane",4,"Pielou",0.882742308357193
"561","MRF.Eclipse.pod.2.2.rhizosphere_S91_L001","MRC","Eclipse","pod",2,2,"rhizosphere",4,"Pielou",0.877777135350701
"562","MRF.Eclipse.senesc.1.2.rhizoplane_S29_L001","MRC","Eclipse","senesc",1,2,"rhizoplane",5,"Pielou",0.801016487684979
"563","MRF.Eclipse.senesc.1.2.rhizosphere_S56_L001","MRC","Eclipse","senesc",1,2,"rhizosphere",5,"Pielou",0.906606082580619
"564","MRF.Eclipse.senesc.1.3.rhizoplane_S7_L001","MRC","Eclipse","senesc",1,3,"rhizoplane",5,"Pielou",0.603319700528566
"565","MRF.Eclipse.senesc.1.3.rhizosphere_S34_L001","MRC","Eclipse","senesc",1,3,"rhizosphere",5,"Pielou",0.904111885253844
"566","MRF.Eclipse.senesc.2.3.rhizoplane_S105_L001","MRC","Eclipse","senesc",2,3,"rhizoplane",5,"Pielou",0.810491123660125
"567","MRF.Eclipse.senesc.2.3.rhizosphere_S19_L001","MRC","Eclipse","senesc",2,3,"rhizosphere",5,"Pielou",0.901485645236518
"568","MRF.Eclipse.senesc.3.1.rhizoplane_S99_L001","MRC","Eclipse","senesc",3,1,"rhizoplane",5,"Pielou",0.672702647467127
"569","MRF.Eclipse.senesc.3.1.rhizosphere_S62_L001","MRC","Eclipse","senesc",3,1,"rhizosphere",5,"Pielou",0.894701793951825
"570","MRF.Eclipse.senesc.3.2.rhizoplane_S20_L001","MRC","Eclipse","senesc",3,2,"rhizoplane",5,"Pielou",0.878294421239176
"571","MRF.Eclipse.senesc.3.2.rhizosphere_S116_L001","MRC","Eclipse","senesc",3,2,"rhizosphere",5,"Pielou",0.887182203039453
"572","MRF.Eclipse.senesc.3.3.rhizoplane_S12_L001","MRC","Eclipse","senesc",3,3,"rhizoplane",5,"Pielou",0.866211995427474
"573","MRF.Eclipse.senesc.3.3.rhizosphere_S55_L001","MRC","Eclipse","senesc",3,3,"rhizosphere",5,"Pielou",0.88563381848469
"574","MRF.Eclipse.V2.1.1.rhizoplane_S84_L001","MRC","Eclipse","V2",1,1,"rhizoplane",1,"Pielou",0.814358184767594
"575","MRF.Eclipse.V2.1.1.rhizosphere_S12_L001","MRC","Eclipse","V2",1,1,"rhizosphere",1,"Pielou",0.897532915808084
"576","MRF.Eclipse.V2.1.2.rhizoplane_S89_L001","MRC","Eclipse","V2",1,2,"rhizoplane",1,"Pielou",0.863195939061443
"577","MRF.Eclipse.V2.1.2.rhizosphere_S65_L001","MRC","Eclipse","V2",1,2,"rhizosphere",1,"Pielou",0.895923745808432
"578","MRF.Eclipse.V2.1.3.rhizoplane_S93_L001","MRC","Eclipse","V2",1,3,"rhizoplane",1,"Pielou",0.840029571207255
"579","MRF.Eclipse.V2.1.3.rhizosphere_S111_L001","MRC","Eclipse","V2",1,3,"rhizosphere",1,"Pielou",0.896917101344618
"580","MRF.Eclipse.V2.2.1.rhizoplane_S77_L001","MRC","Eclipse","V2",2,1,"rhizoplane",1,"Pielou",0.867343121826076
"581","MRF.Eclipse.V2.2.1.rhizosphere_S26_L001","MRC","Eclipse","V2",2,1,"rhizosphere",1,"Pielou",0.898834319984412
"582","MRF.Eclipse.V2.2.2.rhizoplane_S39_L001","MRC","Eclipse","V2",2,2,"rhizoplane",1,"Pielou",0.820492209429175
"583","MRF.Eclipse.V2.2.2.rhizosphere_S7_L001","MRC","Eclipse","V2",2,2,"rhizosphere",1,"Pielou",0.899326333394154
"584","MRF.Eclipse.V2.2.3.rhizoplane_S11_L001","MRC","Eclipse","V2",2,3,"rhizoplane",1,"Pielou",0.828479307233367
"585","MRF.Eclipse.V2.2.3.rhizosphere_S98_L001","MRC","Eclipse","V2",2,3,"rhizosphere",1,"Pielou",0.878816147905258
"586","MRF.Eclipse.V2.3.1.rhizoplane_S104_L001","MRC","Eclipse","V2",3,1,"rhizoplane",1,"Pielou",0.877666729960571
"587","MRF.Eclipse.V2.3.1.rhizosphere_S72_L001","MRC","Eclipse","V2",3,1,"rhizosphere",1,"Pielou",0.902423246595636
"588","MRF.Eclipse.V2.3.2.rhizoplane_S56_L001","MRC","Eclipse","V2",3,2,"rhizoplane",1,"Pielou",0.842938343598191
"589","MRF.Eclipse.V2.3.2.rhizosphere_S81_L001","MRC","Eclipse","V2",3,2,"rhizosphere",1,"Pielou",0.893738802357913
"590","MRF.Eclipse.V2.3.3.rhizoplane_S69_L001","MRC","Eclipse","V2",3,3,"rhizoplane",1,"Pielou",0.887430925842449
"591","MRF.Eclipse.V2.3.3.rhizosphere_S60_L001","MRC","Eclipse","V2",3,3,"rhizosphere",1,"Pielou",0.890005579875832
"592","MRF.Eclipse.V5.1.1.rhizoplane_S90_L001","MRC","Eclipse","V5",1,1,"rhizoplane",2,"Pielou",0.86600511181716
"593","MRF.Eclipse.V5.1.1.rhizosphere_S57_L001","MRC","Eclipse","V5",1,1,"rhizosphere",2,"Pielou",0.905750210762224
"594","MRF.Eclipse.V5.1.2.rhizoplane_S26_L001","MRC","Eclipse","V5",1,2,"rhizoplane",2,"Pielou",0.844935058517652
"595","MRF.Eclipse.V5.1.2.rhizosphere_S18_L001","MRC","Eclipse","V5",1,2,"rhizosphere",2,"Pielou",0.903041122737463
"596","MRF.Eclipse.V5.1.3.rhizoplane_S119_L001","MRC","Eclipse","V5",1,3,"rhizoplane",2,"Pielou",0.831054363637226
"597","MRF.Eclipse.V5.1.3.rhizosphere_S88_L001","MRC","Eclipse","V5",1,3,"rhizosphere",2,"Pielou",0.903689242192076
"598","MRF.Eclipse.V5.2.1.rhizoplane_S132_L001","MRC","Eclipse","V5",2,1,"rhizoplane",2,"Pielou",0.844855432370628
"599","MRF.Eclipse.V5.2.1.rhizosphere_S95_L001","MRC","Eclipse","V5",2,1,"rhizosphere",2,"Pielou",0.90454120540768
"600","MRF.Eclipse.V5.2.2.rhizoplane_S103_L001","MRC","Eclipse","V5",2,2,"rhizoplane",2,"Pielou",0.855144725226001
"601","MRF.Eclipse.V5.2.2.rhizosphere_S46_L001","MRC","Eclipse","V5",2,2,"rhizosphere",2,"Pielou",0.907704582455432
"602","MRF.Eclipse.V5.2.3.rhizoplane_S47_L001","MRC","Eclipse","V5",2,3,"rhizoplane",2,"Pielou",0.858401035268687
"603","MRF.Eclipse.V5.2.3.rhizosphere_S112_L001","MRC","Eclipse","V5",2,3,"rhizosphere",2,"Pielou",0.897272552935841
"604","MRF.Eclipse.V5.3.1.rhizoplane_S63_L001","MRC","Eclipse","V5",3,1,"rhizoplane",2,"Pielou",0.876313259223802
"605","MRF.Eclipse.V5.3.1.rhizosphere_S89_L001","MRC","Eclipse","V5",3,1,"rhizosphere",2,"Pielou",0.898414079380854
"606","MRF.Eclipse.V5.3.2.rhizoplane_S120_L001","MRC","Eclipse","V5",3,2,"rhizoplane",2,"Pielou",0.841751194791632
"607","MRF.Eclipse.V5.3.2.rhizosphere_S75_L001","MRC","Eclipse","V5",3,2,"rhizosphere",2,"Pielou",0.895836968272378
"608","MRF.Eclipse.V5.3.3.rhizoplane_S130_L001","MRC","Eclipse","V5",3,3,"rhizoplane",2,"Pielou",0.848308873564797
"609","MRF.Eclipse.V5.3.3.rhizosphere_S41_L001","MRC","Eclipse","V5",3,3,"rhizosphere",2,"Pielou",0.885936128176399
"610","SVERC.CELRK.dry.1.1.rhizoplane_S102_L001","SVERC","CELRK","dry",1,1,"rhizoplane",6,"Pielou",0.850609774254233
"611","SVERC.CELRK.dry.1.1.rhizosphere_S90_L001","SVERC","CELRK","dry",1,1,"rhizosphere",6,"Pielou",0.878139594024039
"612","SVERC.CELRK.dry.1.2.rhizosphere_S77_L001","SVERC","CELRK","dry",1,2,"rhizosphere",6,"Pielou",0.868165696611555
"613","SVERC.CELRK.dry.1.3.rhizoplane_S53_L001","SVERC","CELRK","dry",1,3,"rhizoplane",6,"Pielou",0.792121321788293
"614","SVERC.CELRK.dry.1.3.rhizosphere_S48_L001","SVERC","CELRK","dry",1,3,"rhizosphere",6,"Pielou",0.866390931458222
"615","SVERC.CELRK.dry.2.1.rhizoplane_S57_L001","SVERC","CELRK","dry",2,1,"rhizoplane",6,"Pielou",0.685299049326364
"616","SVERC.CELRK.dry.2.1.rhizosphere_S13_L001","SVERC","CELRK","dry",2,1,"rhizosphere",6,"Pielou",0.863569909917556
"617","SVERC.CELRK.dry.2.2.rhizoplane_S58_L001","SVERC","CELRK","dry",2,2,"rhizoplane",6,"Pielou",0.819977951860823
"618","SVERC.CELRK.dry.2.2.rhizosphere_S47_L001","SVERC","CELRK","dry",2,2,"rhizosphere",6,"Pielou",0.8697062679248
"619","SVERC.CELRK.dry.3.1.rhizosphere_S74_L001","SVERC","CELRK","dry",3,1,"rhizosphere",6,"Pielou",0.865781796699269
"620","SVERC.CELRK.dry.3.2.rhizosphere_S63_L001","SVERC","CELRK","dry",3,2,"rhizosphere",6,"Pielou",0.875368702036936
"621","SVERC.CELRK.flow.3.1.rhizoplane_S126_L001","SVERC","CELRK","flow",3,1,"rhizoplane",3,"Pielou",0.850635084147398
"622","SVERC.CELRK.flow.3.1.rhizosphere_S71_L001","SVERC","CELRK","flow",3,1,"rhizosphere",3,"Pielou",0.869601638457596
"623","SVERC.CELRK.flow.pod.2.2.rhizoplane_S117_L001","SVERC","CELRK","flow/pod",2,2,"rhizoplane",3,"Pielou",0.812145377306104
"624","SVERC.CELRK.flow.pod.2.2.rhizosphere_S80_L001","SVERC","CELRK","flow/pod",2,2,"rhizosphere",3,"Pielou",0.879085979252922
"625","SVERC.CELRK.flow.pod.3.3.rhizoplane_S107_L001","SVERC","CELRK","flow/pod",3,3,"rhizoplane",3,"Pielou",0.822338302326244
"626","SVERC.CELRK.flow.pod.3.3.rhizosphere_S119_L001","SVERC","CELRK","flow/pod",3,3,"rhizosphere",3,"Pielou",0.871866297594338
"627","SVERC.CELRK.pod.1.1.rhizoplane_S127_L001","SVERC","CELRK","pod",1,1,"rhizoplane",4,"Pielou",0.813786135895057
"628","SVERC.CELRK.pod.1.1.rhizosphere_S123_L001","SVERC","CELRK","pod",1,1,"rhizosphere",4,"Pielou",0.8724886930482
"629","SVERC.CELRK.pod.1.2.rhizosphere_S102_L001","SVERC","CELRK","pod",1,2,"rhizosphere",4,"Pielou",0.865204688044929
"630","SVERC.CELRK.pod.2.1.rhizoplane_S79_L001","SVERC","CELRK","pod",2,1,"rhizoplane",4,"Pielou",0.853285722417085
"631","SVERC.CELRK.pod.2.1.rhizosphere_S9_L001","SVERC","CELRK","pod",2,1,"rhizosphere",4,"Pielou",0.858699756342966
"632","SVERC.CELRK.pod.3.2.rhizoplane_S98_L001","SVERC","CELRK","pod",3,2,"rhizoplane",4,"Pielou",0.829093843382202
"633","SVERC.CELRK.pod.3.2.rhizosphere_S32_L001","SVERC","CELRK","pod",3,2,"rhizosphere",4,"Pielou",0.868978014457304
"634","SVERC.CELRK.V2.1.3.rhizoplane_S54_L001","SVERC","CELRK","V2",1,3,"rhizoplane",1,"Pielou",0.815549839553086
"635","SVERC.CELRK.V2.1.3.rhizosphere_S67_L001","SVERC","CELRK","V2",1,3,"rhizosphere",1,"Pielou",0.875174987553575
"636","SVERC.CELRK.V2.2.2.rhizoplane_S49_L001","SVERC","CELRK","V2",2,2,"rhizoplane",1,"Pielou",0.722225325934137
"637","SVERC.CELRK.V2.2.2.rhizosphere_S6_L001","SVERC","CELRK","V2",2,2,"rhizosphere",1,"Pielou",0.868934339147836
"638","SVERC.CELRK.V2.2.3.rhizoplane_S36_L001","SVERC","CELRK","V2",2,3,"rhizoplane",1,"Pielou",0.749146433032018
"639","SVERC.CELRK.V2.2.3.rhizosphere_S113_L001","SVERC","CELRK","V2",2,3,"rhizosphere",1,"Pielou",0.872452632744531
"640","SVERC.CELRK.V5.1.1.rhizoplane_S33_L001","SVERC","CELRK","V5",1,1,"rhizoplane",2,"Pielou",0.76546406210464
"641","SVERC.CELRK.V5.1.1.rhizosphere_S64_L001","SVERC","CELRK","V5",1,1,"rhizosphere",2,"Pielou",0.881106620597426
"642","SVERC.CELRK.V5.1.2.rhizosphere_S59_L001","SVERC","CELRK","V5",1,2,"rhizosphere",2,"Pielou",0.87206318772114
"643","SVERC.CELRK.V5.1.3.rhizoplane_S16_L001","SVERC","CELRK","V5",1,3,"rhizoplane",2,"Pielou",0.7610136247234
"644","SVERC.CELRK.V5.1.3.rhizosphere_S115_L001","SVERC","CELRK","V5",1,3,"rhizosphere",2,"Pielou",0.874644968861817
"645","SVERC.CELRK.V5.2.1.rhizoplane_S2_L001","SVERC","CELRK","V5",2,1,"rhizoplane",2,"Pielou",0.811250020140612
"646","SVERC.CELRK.V5.2.1.rhizosphere_S82_L001","SVERC","CELRK","V5",2,1,"rhizosphere",2,"Pielou",0.88162351029202
"647","SVERC.CELRK.V5.2.2.rhizoplane_S87_L001","SVERC","CELRK","V5",2,2,"rhizoplane",2,"Pielou",0.710972759397297
"648","SVERC.CELRK.V5.2.2.rhizosphere_S10_L001","SVERC","CELRK","V5",2,2,"rhizosphere",2,"Pielou",0.858135563050037
"649","SVERC.CELRK.V5.2.3.rhizoplane_S65_L001","SVERC","CELRK","V5",2,3,"rhizoplane",2,"Pielou",0.786388862603368
"650","SVERC.CELRK.V5.2.3.rhizosphere_S117_L001","SVERC","CELRK","V5",2,3,"rhizosphere",2,"Pielou",0.86050553374097
"651","SVERC.CELRK.V5.3.1.rhizoplane_S42_L001","SVERC","CELRK","V5",3,1,"rhizoplane",2,"Pielou",0.795193665379422
"652","SVERC.CELRK.V5.3.1.rhizosphere_S84_L001","SVERC","CELRK","V5",3,1,"rhizosphere",2,"Pielou",0.88207496202842
"653","SVERC.CELRK.V5.3.2.rhizoplane_S73_L001","SVERC","CELRK","V5",3,2,"rhizoplane",2,"Pielou",0.705638638274868
"654","SVERC.CELRK.V5.3.2.rhizosphere_S101_L001","SVERC","CELRK","V5",3,2,"rhizosphere",2,"Pielou",0.880330622770287
"655","SVERC.CELRK.V5.3.3.rhizoplane_S23_L001","SVERC","CELRK","V5",3,3,"rhizoplane",2,"Pielou",0.694875584433477
"656","SVERC.CELRK.V5.3.3.rhizosphere_S106_L001","SVERC","CELRK","V5",3,3,"rhizosphere",2,"Pielou",0.876365103517502
"657","SVERC.Eclipse.dry.1.1.rhizoplane_S15_L001","SVERC","Eclipse","dry",1,1,"rhizoplane",6,"Pielou",0.873828457043414
"658","SVERC.Eclipse.dry.1.1.rhizosphere_S15_L001","SVERC","Eclipse","dry",1,1,"rhizosphere",6,"Pielou",0.865438680168262
"659","SVERC.Eclipse.dry.1.2.rhizoplane_S17_L001","SVERC","Eclipse","dry",1,2,"rhizoplane",6,"Pielou",0.609212469770712
"660","SVERC.Eclipse.dry.1.2.rhizosphere_S3_L001","SVERC","Eclipse","dry",1,2,"rhizosphere",6,"Pielou",0.870666118573044
"661","SVERC.Eclipse.dry.1.3.rhizosphere_S97_L001","SVERC","Eclipse","dry",1,3,"rhizosphere",6,"Pielou",0.872862734032291
"662","SVERC.Eclipse.dry.2.1.rhizoplane_S46_L001","SVERC","Eclipse","dry",2,1,"rhizoplane",6,"Pielou",0.62926368529186
"663","SVERC.Eclipse.dry.2.1.rhizosphere_S2_L001","SVERC","Eclipse","dry",2,1,"rhizosphere",6,"Pielou",0.865980631647085
"664","SVERC.Eclipse.dry.2.2.rhizoplane_S110_L001","SVERC","Eclipse","dry",2,2,"rhizoplane",6,"Pielou",0.644410152202944
"665","SVERC.Eclipse.dry.2.2.rhizosphere_S78_L001","SVERC","Eclipse","dry",2,2,"rhizosphere",6,"Pielou",0.867829200179314
"666","SVERC.Eclipse.dry.2.3.rhizoplane_S61_L001","SVERC","Eclipse","dry",2,3,"rhizoplane",6,"Pielou",0.773629338216516
"667","SVERC.Eclipse.dry.2.3.rhizosphere_S37_L001","SVERC","Eclipse","dry",2,3,"rhizosphere",6,"Pielou",0.868736149395034
"668","SVERC.Eclipse.dry.3.1.rhizoplane_S34_L001","SVERC","Eclipse","dry",3,1,"rhizoplane",6,"Pielou",0.826364961199931
"669","SVERC.Eclipse.dry.3.1.rhizosphere_S39_L001","SVERC","Eclipse","dry",3,1,"rhizosphere",6,"Pielou",0.869189306197747
"670","SVERC.Eclipse.dry.3.2.rhizoplane_S19_L001","SVERC","Eclipse","dry",3,2,"rhizoplane",6,"Pielou",0.653053682654741
"671","SVERC.Eclipse.dry.3.2.rhizosphere_S122_L001","SVERC","Eclipse","dry",3,2,"rhizosphere",6,"Pielou",0.860871873111818
"672","SVERC.Eclipse.dry.3.3.rhizoplane_S128_L001","SVERC","Eclipse","dry",3,3,"rhizoplane",6,"Pielou",0.740459616151208
"673","SVERC.Eclipse.dry.3.3.rhizosphere_S25_L001","SVERC","Eclipse","dry",3,3,"rhizosphere",6,"Pielou",0.867902903328385
"674","SVERC.Eclipse.flowering.1.1.rhizoplane_S139_L001","SVERC","Eclipse","flowering",1,1,"rhizoplane",3,"Pielou",0.438344305808391
"675","SVERC.Eclipse.flowering.1.1.rhizosphere_S103_L001","SVERC","Eclipse","flowering",1,1,"rhizosphere",3,"Pielou",0.881461329212733
"676","SVERC.Eclipse.flowering.1.2.rhizoplane_S21_L001","SVERC","Eclipse","flowering",1,2,"rhizoplane",3,"Pielou",0.83607427058638
"677","SVERC.Eclipse.flowering.1.2.rhizosphere_S30_L001","SVERC","Eclipse","flowering",1,2,"rhizosphere",3,"Pielou",0.888228899224933
"678","SVERC.Eclipse.flowering.1.3.rhizosphere_S50_L001","SVERC","Eclipse","flowering",1,3,"rhizosphere",3,"Pielou",0.877904632150443
"679","SVERC.Eclipse.flowering.2.1.rhizoplane_S75_L001","SVERC","Eclipse","flowering",2,1,"rhizoplane",3,"Pielou",0.774053088471254
"680","SVERC.Eclipse.flowering.2.1.rhizosphere_S83_L001","SVERC","Eclipse","flowering",2,1,"rhizosphere",3,"Pielou",0.878859807844919
"681","SVERC.Eclipse.flowering.2.2.rhizoplane_S37_L001","SVERC","Eclipse","flowering",2,2,"rhizoplane",3,"Pielou",0.80665312271077
"682","SVERC.Eclipse.flowering.2.2.rhizosphere_S14_L001","SVERC","Eclipse","flowering",2,2,"rhizosphere",3,"Pielou",0.874312594061936
"683","SVERC.Eclipse.flowering.2.3.rhizoplane_S51_L001","SVERC","Eclipse","flowering",2,3,"rhizoplane",3,"Pielou",0.780525815436749
"684","SVERC.Eclipse.flowering.2.3.rhizosphere_S66_L001","SVERC","Eclipse","flowering",2,3,"rhizosphere",3,"Pielou",0.871498779714108
"685","SVERC.Eclipse.flowering.3.1.rhizoplane_S64_L001","SVERC","Eclipse","flowering",3,1,"rhizoplane",3,"Pielou",0.87267776304415
"686","SVERC.Eclipse.flowering.3.1.rhizosphere_S99_L001","SVERC","Eclipse","flowering",3,1,"rhizosphere",3,"Pielou",0.879598694613817
"687","SVERC.Eclipse.flowering.3.2.rhizoplane_S48_L001","SVERC","Eclipse","flowering",3,2,"rhizoplane",3,"Pielou",0.715035092990261
"688","SVERC.Eclipse.flowering.3.2.rhizosphere_S100_L001","SVERC","Eclipse","flowering",3,2,"rhizosphere",3,"Pielou",0.877377689530678
"689","SVERC.Eclipse.flowering.pod.3.3.rhizoplane_S78_L001","SVERC","Eclipse","flowering/pod",3,3,"rhizoplane",3,"Pielou",0.730257237587899
"690","SVERC.Eclipse.flowering.pod.3.3.rhizosphere_S105_L001","SVERC","Eclipse","flowering/pod",3,3,"rhizosphere",3,"Pielou",0.875477868789784
"691","SVERC.Eclipse.V2.1.2.rhizoplane_S1_L001","SVERC","Eclipse","V2",1,2,"rhizoplane",1,"Pielou",0.828894731910052
"692","SVERC.Eclipse.V2.1.2.rhizosphere_S1_L001","SVERC","Eclipse","V2",1,2,"rhizosphere",1,"Pielou",0.880203186840083
"693","SVERC.Eclipse.V2.1.3.rhizoplane_S52_L001","SVERC","Eclipse","V2",1,3,"rhizoplane",1,"Pielou",0.8277668239177
"694","SVERC.Eclipse.V2.1.3.rhizosphere_S73_L001","SVERC","Eclipse","V2",1,3,"rhizosphere",1,"Pielou",0.866376495747344
"695","SVERC.Eclipse.V2.2.2.rhizoplane_S13_L001","SVERC","Eclipse","V2",2,2,"rhizoplane",1,"Pielou",0.867940917152534
"696","SVERC.Eclipse.V2.2.2.rhizosphere_S21_L001","SVERC","Eclipse","V2",2,2,"rhizosphere",1,"Pielou",0.869461440289116
"697","SVERC.Eclipse.V2.2.3.rhizoplane_S91_L001","SVERC","Eclipse","V2",2,3,"rhizoplane",1,"Pielou",0.795290451423741
"698","SVERC.Eclipse.V2.2.3.rhizosphere_S28_L001","SVERC","Eclipse","V2",2,3,"rhizosphere",1,"Pielou",0.874797614968078
"699","SVERC.Eclipse.V2.3.1.rhizoplane_S71_L001","SVERC","Eclipse","V2",3,1,"rhizoplane",1,"Pielou",0.837839822671431
"700","SVERC.Eclipse.V2.3.1.rhizosphere_S5_L001","SVERC","Eclipse","V2",3,1,"rhizosphere",1,"Pielou",0.865295161430741
"701","SVERC.Eclipse.V2.3.2.rhizoplane_S83_L001","SVERC","Eclipse","V2",3,2,"rhizoplane",1,"Pielou",0.864419481744393
"702","SVERC.Eclipse.V2.3.2.rhizosphere_S20_L001","SVERC","Eclipse","V2",3,2,"rhizosphere",1,"Pielou",0.878815699837441
"703","SVERC.Eclipse.V2.3.3.rhizoplane_S131_L001","SVERC","Eclipse","V2",3,3,"rhizoplane",1,"Pielou",0.852752573717283
"704","SVERC.Eclipse.V2.3.3.rhizosphere_S22_L001","SVERC","Eclipse","V2",3,3,"rhizosphere",1,"Pielou",0.867989416814369
"705","SVERC.Eclipse.V5.1.1.rhizoplane_S6_L001","SVERC","Eclipse","V5",1,1,"rhizoplane",2,"Pielou",0.779407762914815
"706","SVERC.Eclipse.V5.1.1.rhizosphere_S69_L001","SVERC","Eclipse","V5",1,1,"rhizosphere",2,"Pielou",0.872291496939525
"707","SVERC.Eclipse.V5.1.2.rhizosphere_S121_L001","SVERC","Eclipse","V5",1,2,"rhizosphere",2,"Pielou",0.874361415016642
"708","SVERC.Eclipse.V5.2.1.rhizoplane_S82_L001","SVERC","Eclipse","V5",2,1,"rhizoplane",2,"Pielou",0.729733511943956
"709","SVERC.Eclipse.V5.2.1.rhizosphere_S33_L001","SVERC","Eclipse","V5",2,1,"rhizosphere",2,"Pielou",0.873751564083434
"710","SVERC.Eclipse.V5.2.2.rhizoplane_S74_L001","SVERC","Eclipse","V5",2,2,"rhizoplane",2,"Pielou",0.821716600526029
"711","SVERC.Eclipse.V5.2.2.rhizosphere_S79_L001","SVERC","Eclipse","V5",2,2,"rhizosphere",2,"Pielou",0.880288206026688
"712","SVERC.Eclipse.V5.2.3.rhizoplane_S124_L001","SVERC","Eclipse","V5",2,3,"rhizoplane",2,"Pielou",0.781461100896687
"713","SVERC.Eclipse.V5.2.3.rhizosphere_S87_L001","SVERC","Eclipse","V5",2,3,"rhizosphere",2,"Pielou",0.877100891607334
"714","SVERC.Eclipse.V5.3.1.rhizoplane_S115_L001","SVERC","Eclipse","V5",3,1,"rhizoplane",2,"Pielou",0.706261942303898
"715","SVERC.Eclipse.V5.3.1.rhizosphere_S31_L001","SVERC","Eclipse","V5",3,1,"rhizosphere",2,"Pielou",0.870054775862756
"716","SVERC.Eclipse.V5.3.2.rhizosphere_S38_L001","SVERC","Eclipse","V5",3,2,"rhizosphere",2,"Pielou",0.874243154756772
"717","SVERC.Eclipse.V5.3.3.rhizoplane_S101_L001","SVERC","Eclipse","V5",3,3,"rhizoplane",2,"Pielou",0.773500268430772
"718","SVERC.Eclipse.V5.3.3.rhizosphere_S51_L001","SVERC","Eclipse","V5",3,3,"rhizosphere",2,"Pielou",0.872405998675547
"719","SVREC.CELRK.V2.1.1.rhizoplane_S116_L001","SVERC","CELRK","V2",1,1,"rhizoplane",2,"Pielou",0.742747295397995
"720","SVREC.CELRK.V2.1.2.rhizoplane_S138_L001","SVERC","CELRK","V2",1,2,"rhizoplane",1,"Pielou",0.767003411572046
"721","SVREC.CELRK.V2.2.1.rhizoplane_S96_L001","SVERC","CELRK","V2",2,1,"rhizoplane",1,"Pielou",0.74222227524409
"722","SVREC.CELRK.V2.2.2.rhizoplane_S44_L001","SVERC","CELRK","V2",2,2,"rhizoplane",1,"Pielou",0.802405670285018
"723","SVREC.CELRK.V2.2.3.rhizoplane_S94_L001","SVERC","CELRK","V2",2,3,"rhizoplane",1,"Pielou",0.800715459846819
"724","SVREC.CELRK.V2.3.1.rhizoplane_S24_L001","SVERC","CELRK","V2",3,1,"rhizoplane",1,"Pielou",0.75448759314944
"725","SVREC.Eclipse.V2.1.1.rhizoplane_S114_L001","SVERC","Eclipse","V2",1,1,"rhizoplane",1,"Pielou",0.746366321825672
"726","SVREC.Eclipse.V2.2.1.rhizoplane_S70_L001","SVERC","Eclipse","V2",2,1,"rhizoplane",1,"Pielou",0.805247258657268
