GenomeID,Taxonomy,Kingdom,Phylum,Class,Order,Family,Genus,Species
bin.10,d__Bacteria;p__Proteobacteria;c__Gammaproteobacteria;o__Steroidobacterales;f__Steroidobacteraceae;g__13-2-20CM-66-19;s__,d__Bacteria,p__Proteobacteria,c__Gammaproteobacteria,o__Steroidobacterales,f__Steroidobacteraceae,g__13-2-20CM-66-19,
bin.100,d__Bacteria;p__Proteobacteria;c__Alphaproteobacteria;o__UBA1301;f__UBA1301;g__UBA6038;s__,d__Bacteria,p__Proteobacteria,c__Alphaproteobacteria,o__UBA1301,f__UBA1301,g__UBA6038,
bin.101,d__Bacteria;p__Chloroflexota;c__Chloroflexia;o__54-19;f__;g__;s__,d__Bacteria,p__Chloroflexota,c__Chloroflexia,o__54-19,,,
bin.102,d__Bacteria;p__Actinobacteriota;c__Thermoleophilia;o__Solirubrobacterales;f__70-9;g__VAYN01;s__,d__Bacteria,p__Actinobacteriota,c__Thermoleophilia,o__Solirubrobacterales,f__70-9,g__VAYN01,
bin.103,d__Bacteria;p__Acidobacteriota;c__Vicinamibacteria;o__Vicinamibacterales;f__UBA2999;g__Gp6-AA40;s__,d__Bacteria,p__Acidobacteriota,c__Vicinamibacteria,o__Vicinamibacterales,f__UBA2999,g__Gp6-AA40,
bin.104,d__Bacteria;p__Bacteroidota;c__Bacteroidia;o__Chitinophagales;f__Chitinophagaceae;g__UTBCD1;s__,d__Bacteria,p__Bacteroidota,c__Bacteroidia,o__Chitinophagales,f__Chitinophagaceae,g__UTBCD1,
bin.106,d__Bacteria;p__Myxococcota;c__Polyangia;o__Haliangiales;f__Haliangiaceae;g__;s__,d__Bacteria,p__Myxococcota,c__Polyangia,o__Haliangiales,f__Haliangiaceae,,
bin.107,d__Bacteria;p__Actinobacteriota;c__Actinomycetia;o__Actinomycetales;f__Kineosporiaceae;g__Kineosporia;s__,d__Bacteria,p__Actinobacteriota,c__Actinomycetia,o__Actinomycetales,f__Kineosporiaceae,g__Kineosporia,
bin.108,d__Bacteria;p__Proteobacteria;c__Alphaproteobacteria;o__UBA1301;f__UBA1301;g__UBA6038;s__,d__Bacteria,p__Proteobacteria,c__Alphaproteobacteria,o__UBA1301,f__UBA1301,g__UBA6038,
bin.109,d__Bacteria;p__Actinobacteriota;c__Actinomycetia;o__Mycobacteriales;f__Jatrophihabitantaceae;g__FW021-bin43;s__,d__Bacteria,p__Actinobacteriota,c__Actinomycetia,o__Mycobacteriales,f__Jatrophihabitantaceae,g__FW021-bin43,
bin.110,d__Bacteria;p__Actinobacteriota;c__Thermoleophilia;o__Gaiellales;f__Gaiellaceae;g__Gaiella;s__,d__Bacteria,p__Actinobacteriota,c__Thermoleophilia,o__Gaiellales,f__Gaiellaceae,g__Gaiella,
bin.112,d__Bacteria;p__Gemmatimonadota;c__Gemmatimonadetes;o__Gemmatimonadales;f__GWC2-71-9;g__;s__,d__Bacteria,p__Gemmatimonadota,c__Gemmatimonadetes,o__Gemmatimonadales,f__GWC2-71-9,,
bin.114,d__Bacteria;p__Proteobacteria;c__Alphaproteobacteria;o__Rhizobiales;f__Xanthobacteraceae;g__Pseudolabrys;s__,d__Bacteria,p__Proteobacteria,c__Alphaproteobacteria,o__Rhizobiales,f__Xanthobacteraceae,g__Pseudolabrys,
bin.115,d__Bacteria;p__Proteobacteria;c__Alphaproteobacteria;o__Caulobacterales;f__Caulobacteraceae;g__BOG-938;s__,d__Bacteria,p__Proteobacteria,c__Alphaproteobacteria,o__Caulobacterales,f__Caulobacteraceae,g__BOG-938,
bin.116,d__Bacteria;p__Actinobacteriota;c__Actinomycetia;o__Mycobacteriales;f__Pseudonocardiaceae;g__Kutzneria;s__,d__Bacteria,p__Actinobacteriota,c__Actinomycetia,o__Mycobacteriales,f__Pseudonocardiaceae,g__Kutzneria,
bin.118,d__Bacteria;p__Actinobacteriota;c__Acidimicrobiia;o__Acidimicrobiales;f__UBA8190;g__Bog-564;s__,d__Bacteria,p__Actinobacteriota,c__Acidimicrobiia,o__Acidimicrobiales,f__UBA8190,g__Bog-564,
bin.119,d__Bacteria;p__Proteobacteria;c__Gammaproteobacteria;o__Burkholderiales;f__UKL13-2;g__GR16-43;s__,d__Bacteria,p__Proteobacteria,c__Gammaproteobacteria,o__Burkholderiales,f__UKL13-2,g__GR16-43,
bin.12,d__Bacteria;p__Myxococcota;c__;o__;f__;g__;s__,d__Bacteria,p__Myxococcota,,,,,
bin.120,d__Bacteria;p__Patescibacteria;c__ABY1;o__SG8-24;f__SG8-24;g__;s__,d__Bacteria,p__Patescibacteria,c__ABY1,o__SG8-24,f__SG8-24,,
bin.122,d__Bacteria;p__Proteobacteria;c__Gammaproteobacteria;o__Steroidobacterales;f__Steroidobacteraceae;g__;s__,d__Bacteria,p__Proteobacteria,c__Gammaproteobacteria,o__Steroidobacterales,f__Steroidobacteraceae,,
bin.124,d__Bacteria;p__Desulfobacterota_B;c__Binatia;o__UBA9968;f__UBA9968;g__DP-20;s__,d__Bacteria,p__Desulfobacterota_B,c__Binatia,o__UBA9968,f__UBA9968,g__DP-20,
bin.125,d__Bacteria;p__Chloroflexota;c__Ellin6529;o__QHBO01;f__QHBO01;g__CF-167;s__,d__Bacteria,p__Chloroflexota,c__Ellin6529,o__QHBO01,f__QHBO01,g__CF-167,
bin.126,d__Bacteria;p__Proteobacteria;c__Alphaproteobacteria;o__UBA1280;f__UBA6156;g__;s__,d__Bacteria,p__Proteobacteria,c__Alphaproteobacteria,o__UBA1280,f__UBA6156,,
bin.129,d__Bacteria;p__Dormibacterota;c__Dormibacteria;o__Dormibacterales;f__;g__;s__,d__Bacteria,p__Dormibacterota,c__Dormibacteria,o__Dormibacterales,,,
bin.131,d__Bacteria;p__Actinobacteriota;c__Thermoleophilia;o__Solirubrobacterales;f__70-9;g__VAYN01;s__,d__Bacteria,p__Actinobacteriota,c__Thermoleophilia,o__Solirubrobacterales,f__70-9,g__VAYN01,
bin.133,d__Bacteria;p__Myxococcota;c__Polyangia;o__Polyangiales;f__Polyangiaceae;g__;s__,d__Bacteria,p__Myxococcota,c__Polyangia,o__Polyangiales,f__Polyangiaceae,,
bin.134,d__Bacteria;p__Actinobacteriota;c__Actinomycetia;o__Propionibacteriales;f__Nocardioidaceae;g__Nocardioides_B;s__,d__Bacteria,p__Actinobacteriota,c__Actinomycetia,o__Propionibacteriales,f__Nocardioidaceae,g__Nocardioides_B,
bin.135,d__Bacteria;p__Proteobacteria;c__Alphaproteobacteria;o__Rhizobiales;f__Rhizobiaceae;g__Rhizobium;s__Rhizobium pisi,d__Bacteria,p__Proteobacteria,c__Alphaproteobacteria,o__Rhizobiales,f__Rhizobiaceae,g__Rhizobium,s__Rhizobium pisi
bin.136,d__Bacteria;p__Proteobacteria;c__Gammaproteobacteria;o__Burkholderiales;f__Burkholderiaceae;g__Rhizobacter;s__,d__Bacteria,p__Proteobacteria,c__Gammaproteobacteria,o__Burkholderiales,f__Burkholderiaceae,g__Rhizobacter,
bin.137,d__Bacteria;p__Actinobacteriota;c__Actinomycetia;o__Actinomycetales;f__Kineosporiaceae;g__Kineosporia;s__,d__Bacteria,p__Actinobacteriota,c__Actinomycetia,o__Actinomycetales,f__Kineosporiaceae,g__Kineosporia,
bin.138,d__Bacteria;p__Acidobacteriota;c__Vicinamibacteria;o__Vicinamibacterales;f__UBA2999;g__;s__,d__Bacteria,p__Acidobacteriota,c__Vicinamibacteria,o__Vicinamibacterales,f__UBA2999,,
bin.139,d__Bacteria;p__Actinobacteriota;c__Thermoleophilia;o__Solirubrobacterales;f__Thermoleophilaceae;g__;s__,d__Bacteria,p__Actinobacteriota,c__Thermoleophilia,o__Solirubrobacterales,f__Thermoleophilaceae,,
bin.14,d__Bacteria;p__Bacteroidota;c__Kapabacteria;o__Palsa-1295;f__Palsa-1295;g__;s__,d__Bacteria,p__Bacteroidota,c__Kapabacteria,o__Palsa-1295,f__Palsa-1295,,
bin.140,d__Bacteria;p__Chloroflexota;c__Ellin6529;o__P2-11E;f__P2-11E;g__3-1-20CM-2-70-9;s__,d__Bacteria,p__Chloroflexota,c__Ellin6529,o__P2-11E,f__P2-11E,g__3-1-20CM-2-70-9,
bin.141,d__Bacteria;p__Actinobacteriota;c__Thermoleophilia;o__Gaiellales;f__F1-60-MAGs149;g__;s__,d__Bacteria,p__Actinobacteriota,c__Thermoleophilia,o__Gaiellales,f__F1-60-MAGs149,g__,
bin.142,d__Bacteria;p__Proteobacteria;c__Gammaproteobacteria;o__Burkholderiales;f__Burkholderiaceae;g__Variovorax;s__,d__Bacteria,p__Proteobacteria,c__Gammaproteobacteria,o__Burkholderiales,f__Burkholderiaceae,g__Variovorax,
bin.144,d__Bacteria;p__Acidobacteriota;c__Acidobacteriae;o__Acidobacteriales;f__Acidobacteriaceae;g__KBS-83;s__,d__Bacteria,p__Acidobacteriota,c__Acidobacteriae,o__Acidobacteriales,f__Acidobacteriaceae,g__KBS-83,
bin.145,d__Bacteria;p__Acidobacteriota;c__Blastocatellia;o__Pyrinomonadales;f__Pyrinomonadaceae;g__;s__,d__Bacteria,p__Acidobacteriota,c__Blastocatellia,o__Pyrinomonadales,f__Pyrinomonadaceae,g__,
bin.146,d__Bacteria;p__Proteobacteria;c__Alphaproteobacteria;o__UBA1280;f__UBA6156;g__UBA6156;s__,d__Bacteria,p__Proteobacteria,c__Alphaproteobacteria,o__UBA1280,f__UBA6156,g__UBA6156,
bin.147,d__Bacteria;p__Myxococcota;c__Polyangia;o__Palsa-1104;f__Fen-1088;g__;s__,d__Bacteria,p__Myxococcota,c__Polyangia,o__Palsa-1104,f__Fen-1088,,
bin.148,d__Bacteria;p__Gemmatimonadota;c__Gemmatimonadetes;o__Gemmatimonadales;f__Gemmatimonadaceae;g__;s__,d__Bacteria,p__Gemmatimonadota,c__Gemmatimonadetes,o__Gemmatimonadales,f__Gemmatimonadaceae,,
bin.149,d__Bacteria;p__Proteobacteria;c__Alphaproteobacteria;o__ATCC43930;f__Stellaceae;g__;s__,d__Bacteria,p__Proteobacteria,c__Alphaproteobacteria,o__ATCC43930,f__Stellaceae,,
bin.15,d__Bacteria;p__Actinobacteriota;c__Actinomycetia;o__Mycobacteriales;f__Nakamurellaceae;g__Nakamurella;s__,d__Bacteria,p__Actinobacteriota,c__Actinomycetia,o__Mycobacteriales,f__Nakamurellaceae,g__Nakamurella,
bin.150,d__Bacteria;p__Acidobacteriota;c__Acidobacteriae;o__Bryobacterales;f__;g__;s__,d__Bacteria,p__Acidobacteriota,c__Acidobacteriae,o__Bryobacterales,f__,g__,
bin.151,d__Bacteria;p__Bacteroidota;c__Bacteroidia;o__Chitinophagales;f__Chitinophagaceae;g__VBAT01;s__,d__Bacteria,p__Bacteroidota,c__Bacteroidia,o__Chitinophagales,f__Chitinophagaceae,g__VBAT01,
bin.152,d__Bacteria;p__Actinobacteriota;c__Acidimicrobiia;o__Acidimicrobiales;f__;g__;s__,d__Bacteria,p__Actinobacteriota,c__Acidimicrobiia,o__Acidimicrobiales,f__,,
bin.154,d__Bacteria;p__Gemmatimonadota;c__Gemmatimonadetes;o__Gemmatimonadales;f__GWC2-71-9;g__;s__,d__Bacteria,p__Gemmatimonadota,c__Gemmatimonadetes,o__Gemmatimonadales,f__GWC2-71-9,,
bin.155,d__Bacteria;p__Acidobacteriota;c__Vicinamibacteria;o__Vicinamibacterales;f__UBA2999;g__;s__,d__Bacteria,p__Acidobacteriota,c__Vicinamibacteria,o__Vicinamibacterales,f__UBA2999,,
bin.157,d__Bacteria;p__Bacteroidota;c__Bacteroidia;o__Chitinophagales;f__Chitinophagaceae;g__;s__,d__Bacteria,p__Bacteroidota,c__Bacteroidia,o__Chitinophagales,f__Chitinophagaceae,,
bin.158,d__Bacteria;p__Acidobacteriota;c__Acidobacteriae;o__UBA7540;f__UBA7540;g__SCRD01;s__,d__Bacteria,p__Acidobacteriota,c__Acidobacteriae,o__UBA7540,f__UBA7540,g__SCRD01,
bin.159,d__Bacteria;p__Gemmatimonadota;c__Gemmatimonadetes;o__Gemmatimonadales;f__Gemmatimonadaceae;g__;s__,d__Bacteria,p__Gemmatimonadota,c__Gemmatimonadetes,o__Gemmatimonadales,f__Gemmatimonadaceae,,
bin.16,d__Bacteria;p__Acidobacteriota;c__Blastocatellia;o__Pyrinomonadales;f__Pyrinomonadaceae;g__UBA11741;s__,d__Bacteria,p__Acidobacteriota,c__Blastocatellia,o__Pyrinomonadales,f__Pyrinomonadaceae,g__UBA11741,
bin.160,d__Bacteria;p__Proteobacteria;c__Alphaproteobacteria;o__ATCC43930;f__Stellaceae;g__;s__,d__Bacteria,p__Proteobacteria,c__Alphaproteobacteria,o__ATCC43930,f__Stellaceae,,
bin.161,d__Bacteria;p__Proteobacteria;c__Gammaproteobacteria;o__Xanthomonadales;f__Rhodanobacteraceae;g__66-474;s__,d__Bacteria,p__Proteobacteria,c__Gammaproteobacteria,o__Xanthomonadales,f__Rhodanobacteraceae,g__66-474,
bin.162,d__Bacteria;p__Gemmatimonadota;c__Gemmatimonadetes;o__Gemmatimonadales;f__GWC2-71-9;g__;s__,d__Bacteria,p__Gemmatimonadota,c__Gemmatimonadetes,o__Gemmatimonadales,f__GWC2-71-9,g__,
bin.163,d__Bacteria;p__Proteobacteria;c__Alphaproteobacteria;o__Rhizobiales;f__Rhizobiaceae;g__Rhizobium;s__,d__Bacteria,p__Proteobacteria,c__Alphaproteobacteria,o__Rhizobiales,f__Rhizobiaceae,g__Rhizobium,
bin.164,d__Bacteria;p__Proteobacteria;c__Gammaproteobacteria;o__Steroidobacterales;f__Steroidobacteraceae;g__ZC4RG30;s__,d__Bacteria,p__Proteobacteria,c__Gammaproteobacteria,o__Steroidobacterales,f__Steroidobacteraceae,g__ZC4RG30,
bin.165,d__Bacteria;p__Methylomirabilota;c__Methylomirabilia;o__Rokubacteriales;f__GWA2-73-35;g__AR37;s__,d__Bacteria,p__Methylomirabilota,c__Methylomirabilia,o__Rokubacteriales,f__GWA2-73-35,g__AR37,
bin.167,d__Bacteria;p__Acidobacteriota;c__Vicinamibacteria;o__Vicinamibacterales;f__SCN-69-37;g__;s__,d__Bacteria,p__Acidobacteriota,c__Vicinamibacteria,o__Vicinamibacterales,f__SCN-69-37,,
bin.168,d__Bacteria;p__Proteobacteria;c__Gammaproteobacteria;o__Xanthomonadales;f__Xanthomonadaceae;g__Lysobacter_A;s__,d__Bacteria,p__Proteobacteria,c__Gammaproteobacteria,o__Xanthomonadales,f__Xanthomonadaceae,g__Lysobacter_A,
bin.169,d__Bacteria;p__Gemmatimonadota;c__Gemmatimonadetes;o__Gemmatimonadales;f__GWC2-71-9;g__;s__,d__Bacteria,p__Gemmatimonadota,c__Gemmatimonadetes,o__Gemmatimonadales,f__GWC2-71-9,,
bin.17,d__Bacteria;p__Proteobacteria;c__Gammaproteobacteria;o__UBA6522;f__UBA6522;g__FEN-1219;s__,d__Bacteria,p__Proteobacteria,c__Gammaproteobacteria,o__UBA6522,f__UBA6522,g__FEN-1219,
bin.170,d__Bacteria;p__Myxococcota;c__Polyangia;o__Haliangiales;f__Haliangiaceae;g__;s__,d__Bacteria,p__Myxococcota,c__Polyangia,o__Haliangiales,f__Haliangiaceae,,
bin.172,d__Bacteria;p__Myxococcota;c__Myxococcia;o__Myxococcales;f__Myxococcaceae;g__RPRB01;s__,d__Bacteria,p__Myxococcota,c__Myxococcia,o__Myxococcales,f__Myxococcaceae,g__RPRB01,
bin.175,d__Bacteria;p__Proteobacteria;c__Alphaproteobacteria;o__Rhizobiales;f__Xanthobacteraceae;g__Pseudolabrys;s__,d__Bacteria,p__Proteobacteria,c__Alphaproteobacteria,o__Rhizobiales,f__Xanthobacteraceae,g__Pseudolabrys,
bin.178,d__Bacteria;p__Myxococcota;c__Polyangia;o__Polyangiales;f__Polyangiaceae;g__;s__,d__Bacteria,p__Myxococcota,c__Polyangia,o__Polyangiales,f__Polyangiaceae,,
bin.179,d__Bacteria;p__Gemmatimonadota;c__Gemmatimonadetes;o__Gemmatimonadales;f__GWC2-71-9;g__;s__,d__Bacteria,p__Gemmatimonadota,c__Gemmatimonadetes,o__Gemmatimonadales,f__GWC2-71-9,,
bin.18,d__Bacteria;p__Proteobacteria;c__Gammaproteobacteria;o__Burkholderiales;f__UKL13-2;g__GR16-43;s__,d__Bacteria,p__Proteobacteria,c__Gammaproteobacteria,o__Burkholderiales,f__UKL13-2,g__GR16-43,
bin.180,d__Bacteria;p__Actinobacteriota;c__Actinomycetia;o__Streptomycetales;f__Streptomycetaceae;g__Streptomyces;s__,d__Bacteria,p__Actinobacteriota,c__Actinomycetia,o__Streptomycetales,f__Streptomycetaceae,g__Streptomyces,
bin.183,d__Bacteria;p__Nitrospirota;c__Nitrospiria;o__Nitrospirales;f__Nitrospiraceae;g__Nitrospira;s__,d__Bacteria,p__Nitrospirota,c__Nitrospiria,o__Nitrospirales,f__Nitrospiraceae,g__Nitrospira,
bin.184,d__Bacteria;p__Proteobacteria;c__Gammaproteobacteria;o__Burkholderiales;f__Burkholderiaceae;g__Variovorax;s__,d__Bacteria,p__Proteobacteria,c__Gammaproteobacteria,o__Burkholderiales,f__Burkholderiaceae,g__Variovorax,
bin.185,d__Bacteria;p__Gemmatimonadota;c__Gemmatimonadetes;o__Gemmatimonadales;f__GWC2-71-9;g__;s__,d__Bacteria,p__Gemmatimonadota,c__Gemmatimonadetes,o__Gemmatimonadales,f__GWC2-71-9,,
bin.186,d__Bacteria;p__Actinobacteriota;c__Acidimicrobiia;o__Acidimicrobiales;f__Ilumatobacteraceae;g__;s__,d__Bacteria,p__Actinobacteriota,c__Acidimicrobiia,o__Acidimicrobiales,f__Ilumatobacteraceae,,
bin.187,d__Bacteria;p__Gemmatimonadota;c__Gemmatimonadetes;o__Gemmatimonadales;f__Gemmatimonadaceae;g__AG11;s__,d__Bacteria,p__Gemmatimonadota,c__Gemmatimonadetes,o__Gemmatimonadales,f__Gemmatimonadaceae,g__AG11,
bin.188,d__Bacteria;p__Acidobacteriota;c__Thermoanaerobaculia;o__UBA5066;f__Gp7-AA6;g__;s__,d__Bacteria,p__Acidobacteriota,c__Thermoanaerobaculia,o__UBA5066,f__Gp7-AA6,,
bin.189,d__Bacteria;p__Gemmatimonadota;c__Gemmatimonadetes;o__Gemmatimonadales;f__Gemmatimonadaceae;g__AG2;s__,d__Bacteria,p__Gemmatimonadota,c__Gemmatimonadetes,o__Gemmatimonadales,f__Gemmatimonadaceae,g__AG2,
bin.19,d__Bacteria;p__Chloroflexota;c__Dehalococcoidia;o__SM23-28-2;f__;g__;s__,d__Bacteria,p__Chloroflexota,c__Dehalococcoidia,o__SM23-28-2,,,
bin.190,d__Bacteria;p__Proteobacteria;c__;o__;f__;g__;s__,d__Bacteria,p__Proteobacteria,,,,,
bin.191,d__Bacteria;p__Gemmatimonadota;c__Gemmatimonadetes;o__Gemmatimonadales;f__GWC2-71-9;g__;s__,d__Bacteria,p__Gemmatimonadota,c__Gemmatimonadetes,o__Gemmatimonadales,f__GWC2-71-9,,
bin.2,d__Bacteria;p__Verrucomicrobiota;c__Verrucomicrobiae;o__Chthoniobacterales;f__UBA10450;g__AV55;s__,d__Bacteria,p__Verrucomicrobiota,c__Verrucomicrobiae,o__Chthoniobacterales,f__UBA10450,g__AV55,
bin.20,d__Bacteria;p__Gemmatimonadota;c__Gemmatimonadetes;o__Gemmatimonadales;f__GWC2-71-9;g__Palsa-1233;s__,d__Bacteria,p__Gemmatimonadota,c__Gemmatimonadetes,o__Gemmatimonadales,f__GWC2-71-9,g__Palsa-1233,
bin.21,d__Bacteria;p__Proteobacteria;c__Gammaproteobacteria;o__Burkholderiales;f__Burkholderiaceae;g__Polaromonas;s__,d__Bacteria,p__Proteobacteria,c__Gammaproteobacteria,o__Burkholderiales,f__Burkholderiaceae,g__Polaromonas,
bin.23,d__Bacteria;p__Actinobacteriota;c__Actinomycetia;o__Streptomycetales;f__Streptomycetaceae;g__Streptomyces;s__,d__Bacteria,p__Actinobacteriota,c__Actinomycetia,o__Streptomycetales,f__Streptomycetaceae,g__Streptomyces,
bin.24,d__Bacteria;p__Bacteroidota;c__Bacteroidia;o__Chitinophagales;f__Chitinophagaceae;g__UBA8621;s__,d__Bacteria,p__Bacteroidota,c__Bacteroidia,o__Chitinophagales,f__Chitinophagaceae,g__UBA8621,
bin.25,d__Bacteria;p__Chloroflexota;c__Chloroflexia;o__;f__;g__;s__,d__Bacteria,p__Chloroflexota,c__Chloroflexia,,,,
bin.26,d__Bacteria;p__Proteobacteria;c__Gammaproteobacteria;o__Burkholderiales;f__Burkholderiaceae;g__Variovorax;s__,d__Bacteria,p__Proteobacteria,c__Gammaproteobacteria,o__Burkholderiales,f__Burkholderiaceae,g__Variovorax,
bin.27,d__Bacteria;p__Acidobacteriota;c__Acidobacteriae;o__Acidobacteriales;f__Gp1-AA117;g__Gp1-AA17;s__,d__Bacteria,p__Acidobacteriota,c__Acidobacteriae,o__Acidobacteriales,f__Gp1-AA117,g__Gp1-AA17,
bin.28,d__Bacteria;p__Verrucomicrobiota;c__Verrucomicrobiae;o__Chthoniobacterales;f__UBA10450;g__AV55;s__,d__Bacteria,p__Verrucomicrobiota,c__Verrucomicrobiae,o__Chthoniobacterales,f__UBA10450,g__AV55,
bin.29,d__Bacteria;p__Proteobacteria;c__Gammaproteobacteria;o__Xanthomonadales;f__Xanthomonadaceae;g__Lysobacter;s__Lysobacter enzymogenes,d__Bacteria,p__Proteobacteria,c__Gammaproteobacteria,o__Xanthomonadales,f__Xanthomonadaceae,g__Lysobacter,s__Lysobacter enzymogenes
bin.3,d__Bacteria;p__Actinobacteriota;c__Acidimicrobiia;o__Acidimicrobiales;f__;g__;s__,d__Bacteria,p__Actinobacteriota,c__Acidimicrobiia,o__Acidimicrobiales,,,
bin.30,d__Bacteria;p__Gemmatimonadota;c__Gemmatimonadetes;o__Gemmatimonadales;f__GWC2-71-9;g__;s__,d__Bacteria,p__Gemmatimonadota,c__Gemmatimonadetes,o__Gemmatimonadales,f__GWC2-71-9,,
bin.31,d__Bacteria;p__Proteobacteria;c__Alphaproteobacteria;o__Rhizobiales;f__Xanthobacteraceae;g__Palsa-892;s__,d__Bacteria,p__Proteobacteria,c__Alphaproteobacteria,o__Rhizobiales,f__Xanthobacteraceae,g__Palsa-892,
bin.32,d__Bacteria;p__Proteobacteria;c__Gammaproteobacteria;o__Burkholderiales;f__SG8-39;g__;s__,d__Bacteria,p__Proteobacteria,c__Gammaproteobacteria,o__Burkholderiales,f__SG8-39,,
bin.33,d__Bacteria;p__Acidobacteriota;c__Vicinamibacteria_A;o__Fen-336;f__Fen-336;g__;s__,d__Bacteria,p__Acidobacteriota,c__Vicinamibacteria_A,o__Fen-336,f__Fen-336,,
bin.34,d__Bacteria;p__Myxococcota;c__Polyangia;o__Polyangiales;f__Polyangiaceae;g__PMG-095;s__,d__Bacteria,p__Myxococcota,c__Polyangia,o__Polyangiales,f__Polyangiaceae,g__PMG-095,
bin.35,d__Bacteria;p__Proteobacteria;c__Alphaproteobacteria;o__Sphingomonadales;f__Sphingomonadaceae;g__Sphingomonas_I;s__,d__Bacteria,p__Proteobacteria,c__Alphaproteobacteria,o__Sphingomonadales,f__Sphingomonadaceae,g__Sphingomonas_I,
bin.36,d__Bacteria;p__Chloroflexota;c__Ellin6529;o__CSP1-4;f__CSP1-4;g__Palsa-1032;s__,d__Bacteria,p__Chloroflexota,c__Ellin6529,o__CSP1-4,f__CSP1-4,g__Palsa-1032,
bin.37,d__Bacteria;p__Acidobacteriota;c__Vicinamibacteria_A;o__Fen-336;f__Fen-336;g__AA29;s__,d__Bacteria,p__Acidobacteriota,c__Vicinamibacteria_A,o__Fen-336,f__Fen-336,g__AA29,
bin.39,d__Bacteria;p__Proteobacteria;c__Alphaproteobacteria;o__Sphingomonadales;f__Sphingomonadaceae;g__Sphingomonas_A;s__,d__Bacteria,p__Proteobacteria,c__Alphaproteobacteria,o__Sphingomonadales,f__Sphingomonadaceae,g__Sphingomonas_A,
bin.4,d__Bacteria;p__Chloroflexota;c__Ktedonobacteria;o__Ktedonobacterales;f__;g__;s__,d__Bacteria,p__Chloroflexota,c__Ktedonobacteria,o__Ktedonobacterales,,,
bin.40,d__Bacteria;p__Chloroflexota;c__Ellin6529;o__CSP1-4;f__CSP1-4;g__;s__,d__Bacteria,p__Chloroflexota,c__Ellin6529,o__CSP1-4,f__CSP1-4,,
bin.43,d__Bacteria;p__Proteobacteria;c__Gammaproteobacteria;o__Steroidobacterales;f__Steroidobacteraceae;g__ZC4RG30;s__,d__Bacteria,p__Proteobacteria,c__Gammaproteobacteria,o__Steroidobacterales,f__Steroidobacteraceae,g__ZC4RG30,
bin.44,d__Bacteria;p__Verrucomicrobiota;c__Verrucomicrobiae;o__Pedosphaerales;f__AV2;g__;s__,d__Bacteria,p__Verrucomicrobiota,c__Verrucomicrobiae,o__Pedosphaerales,f__AV2,,
bin.46,d__Bacteria;p__Acidobacteriota;c__Acidobacteriae;o__Acidobacteriales;f__Gp1-AA117;g__Gp1-AA17;s__,d__Bacteria,p__Acidobacteriota,c__Acidobacteriae,o__Acidobacteriales,f__Gp1-AA117,g__Gp1-AA17,
bin.47,d__Bacteria;p__Gemmatimonadota;c__Gemmatimonadetes;o__Gemmatimonadales;f__Gemmatimonadaceae;g__UBA4720;s__,d__Bacteria,p__Gemmatimonadota,c__Gemmatimonadetes,o__Gemmatimonadales,f__Gemmatimonadaceae,g__UBA4720,
bin.48,d__Bacteria;p__Acidobacteriota;c__Holophagae;o__Holophagales;f__Holophagaceae;g__;s__,d__Bacteria,p__Acidobacteriota,c__Holophagae,o__Holophagales,f__Holophagaceae,,
bin.49,d__Bacteria;p__Proteobacteria;c__Gammaproteobacteria;o__Nevskiales;f__Nevskiaceae;g__;s__,d__Bacteria,p__Proteobacteria,c__Gammaproteobacteria,o__Nevskiales,f__Nevskiaceae,,
bin.5,d__Bacteria;p__Gemmatimonadota;c__Gemmatimonadetes;o__Gemmatimonadales;f__Gemmatimonadaceae;g__FEN-1250;s__,d__Bacteria,p__Gemmatimonadota,c__Gemmatimonadetes,o__Gemmatimonadales,f__Gemmatimonadaceae,g__FEN-1250,
bin.50,d__Bacteria;p__Gemmatimonadota;c__Gemmatimonadetes;o__Gemmatimonadales;f__Gemmatimonadaceae;g__;s__,d__Bacteria,p__Gemmatimonadota,c__Gemmatimonadetes,o__Gemmatimonadales,f__Gemmatimonadaceae,,
bin.51,d__Bacteria;p__Proteobacteria;c__Gammaproteobacteria;o__Xanthomonadales;f__Rhodanobacteraceae;g__;s__,d__Bacteria,p__Proteobacteria,c__Gammaproteobacteria,o__Xanthomonadales,f__Rhodanobacteraceae,,
bin.52,d__Bacteria;p__Dormibacterota;c__;o__;f__;g__;s__,d__Bacteria,p__Dormibacterota,,,,,
bin.53,d__Bacteria;p__Actinobacteriota;c__Thermoleophilia;o__Gaiellales;f__;g__;s__,d__Bacteria,p__Actinobacteriota,c__Thermoleophilia,o__Gaiellales,,,
bin.54,d__Bacteria;p__Proteobacteria;c__;o__;f__;g__;s__,d__Bacteria,p__Proteobacteria,,,,,
bin.55,d__Bacteria;p__Proteobacteria;c__Alphaproteobacteria;o__Dongiales;f__Dongiaceae;g__;s__,d__Bacteria,p__Proteobacteria,c__Alphaproteobacteria,o__Dongiales,f__Dongiaceae,,
bin.56,d__Bacteria;p__Proteobacteria;c__Gammaproteobacteria;o__Burkholderiales;f__Burkholderiaceae;g__Rhizobacter;s__,d__Bacteria,p__Proteobacteria,c__Gammaproteobacteria,o__Burkholderiales,f__Burkholderiaceae,g__Rhizobacter,
bin.57,d__Bacteria;p__Planctomycetota;c__MHYJ01;o__;f__;g__;s__,d__Bacteria,p__Planctomycetota,c__MHYJ01,,,,
bin.58,d__Bacteria;p__Myxococcota_A;c__;o__;f__;g__;s__,d__Bacteria,p__Myxococcota_A,,,,,
bin.6,d__Bacteria;p__Proteobacteria;c__Gammaproteobacteria;o__Burkholderiales;f__Burkholderiaceae;g__Acidovorax_D;s__Acidovorax_D sp002754175,d__Bacteria,p__Proteobacteria,c__Gammaproteobacteria,o__Burkholderiales,f__Burkholderiaceae,g__Acidovorax_D,s__Acidovorax_D sp002754175
bin.60,d__Bacteria;p__Acidobacteriota;c__Vicinamibacteria;o__Vicinamibacterales;f__2-12-FULL-66-21;g__QHWT01;s__,d__Bacteria,p__Acidobacteriota,c__Vicinamibacteria,o__Vicinamibacterales,f__2-12-FULL-66-21,g__QHWT01,
bin.62,d__Bacteria;p__Bacteroidota;c__UBA10030;o__UBA10030;f__SZUA-254;g__;s__,d__Bacteria,p__Bacteroidota,c__UBA10030,o__UBA10030,f__SZUA-254,,
bin.64,d__Bacteria;p__Proteobacteria;c__Gammaproteobacteria;o__Steroidobacterales;f__Steroidobacteraceae;g__UBA964;s__,d__Bacteria,p__Proteobacteria,c__Gammaproteobacteria,o__Steroidobacterales,f__Steroidobacteraceae,g__UBA964,
bin.65,d__Bacteria;p__Proteobacteria;c__Alphaproteobacteria;o__Rhizobiales;f__Xanthobacteraceae;g__Tardiphaga;s__,d__Bacteria,p__Proteobacteria,c__Alphaproteobacteria,o__Rhizobiales,f__Xanthobacteraceae,g__Tardiphaga,
bin.66,d__Bacteria;p__Proteobacteria;c__Gammaproteobacteria;o__Nevskiales;f__Nevskiaceae;g__;s__,d__Bacteria,p__Proteobacteria,c__Gammaproteobacteria,o__Nevskiales,f__Nevskiaceae,,
bin.67,d__Bacteria;p__Gemmatimonadota;c__Gemmatimonadetes;o__Gemmatimonadales;f__Gemmatimonadaceae;g__FEN-1250;s__,d__Bacteria,p__Gemmatimonadota,c__Gemmatimonadetes,o__Gemmatimonadales,f__Gemmatimonadaceae,g__FEN-1250,
bin.69,d__Bacteria;p__Myxococcota;c__Myxococcia;o__Myxococcales;f__Myxococcaceae;g__Cystobacter;s__,d__Bacteria,p__Myxococcota,c__Myxococcia,o__Myxococcales,f__Myxococcaceae,g__Cystobacter,
bin.7,d__Bacteria;p__Patescibacteria;c__ABY1;o__SG8-24;f__2-12-FULL-60-25;g__;s__,d__Bacteria,p__Patescibacteria,c__ABY1,o__SG8-24,f__2-12-FULL-60-25,,
bin.70,d__Bacteria;p__Acidobacteriota;c__Vicinamibacteria;o__Vicinamibacterales;f__2-12-FULL-66-21;g__2-12-FULL-66-21;s__,d__Bacteria,p__Acidobacteriota,c__Vicinamibacteria,o__Vicinamibacterales,f__2-12-FULL-66-21,g__2-12-FULL-66-21,
bin.71,d__Bacteria;p__Proteobacteria;c__Gammaproteobacteria;o__Xanthomonadales;f__Xanthomonadaceae;g__Thermomonas;s__,d__Bacteria,p__Proteobacteria,c__Gammaproteobacteria,o__Xanthomonadales,f__Xanthomonadaceae,g__Thermomonas,
bin.72,d__Bacteria;p__Proteobacteria;c__Gammaproteobacteria;o__Xanthomonadales;f__Rhodanobacteraceae;g__;s__,d__Bacteria,p__Proteobacteria,c__Gammaproteobacteria,o__Xanthomonadales,f__Rhodanobacteraceae,,
bin.74,d__Bacteria;p__Gemmatimonadota;c__Gemmatimonadetes;o__Gemmatimonadales;f__Gemmatimonadaceae;g__UBA4720;s__,d__Bacteria,p__Gemmatimonadota,c__Gemmatimonadetes,o__Gemmatimonadales,f__Gemmatimonadaceae,g__UBA4720,
bin.75,d__Bacteria;p__Proteobacteria;c__Alphaproteobacteria;o__Rhizobiales;f__Rhizobiaceae;g__Rhizobium;s__Rhizobium leguminosarum,d__Bacteria,p__Proteobacteria,c__Alphaproteobacteria,o__Rhizobiales,f__Rhizobiaceae,g__Rhizobium,s__Rhizobium leguminosarum
bin.76,d__Bacteria;p__Actinobacteriota;c__Actinomycetia;o__Mycobacteriales;f__Pseudonocardiaceae;g__Actinophytocola;s__,d__Bacteria,p__Actinobacteriota,c__Actinomycetia,o__Mycobacteriales,f__Pseudonocardiaceae,g__Actinophytocola,
bin.77,d__Bacteria;p__Proteobacteria;c__Alphaproteobacteria;o__Rhizobiales;f__Xanthobacteraceae;g__Pseudolabrys;s__,d__Bacteria,p__Proteobacteria,c__Alphaproteobacteria,o__Rhizobiales,f__Xanthobacteraceae,g__Pseudolabrys,
bin.78,d__Bacteria;p__Actinobacteriota;c__Actinomycetia;o__Streptomycetales;f__Streptomycetaceae;g__Streptomyces;s__,d__Bacteria,p__Actinobacteriota,c__Actinomycetia,o__Streptomycetales,f__Streptomycetaceae,g__Streptomyces,
bin.80,d__Bacteria;p__Gemmatimonadota;c__Gemmatimonadetes;o__Gemmatimonadales;f__GWC2-71-9;g__;s__,d__Bacteria,p__Gemmatimonadota,c__Gemmatimonadetes,o__Gemmatimonadales,f__GWC2-71-9,,
bin.81,d__Bacteria;p__Proteobacteria;c__Alphaproteobacteria;o__UBA1301;f__UBA1301;g__;s__,d__Bacteria,p__Proteobacteria,c__Alphaproteobacteria,o__UBA1301,f__UBA1301,,
bin.82,d__Bacteria;p__Actinobacteriota;c__Thermoleophilia;o__Gaiellales;f__;g__;s__,d__Bacteria,p__Actinobacteriota,c__Thermoleophilia,o__Gaiellales,,,
bin.83,d__Bacteria;p__Proteobacteria;c__Gammaproteobacteria;o__Steroidobacterales;f__Steroidobacteraceae;g__ZC4RG30;s__,d__Bacteria,p__Proteobacteria,c__Gammaproteobacteria,o__Steroidobacterales,f__Steroidobacteraceae,g__ZC4RG30,
bin.85,d__Bacteria;p__Gemmatimonadota;c__Gemmatimonadetes;o__Gemmatimonadales;f__Gemmatimonadaceae;g__;s__,d__Bacteria,p__Gemmatimonadota,c__Gemmatimonadetes,o__Gemmatimonadales,f__Gemmatimonadaceae,,
bin.86,d__Bacteria;p__Chloroflexota;c__Ellin6529;o__QHBO01;f__QHBO01;g__CF-167;s__,d__Bacteria,p__Chloroflexota,c__Ellin6529,o__QHBO01,f__QHBO01,g__CF-167,
bin.87,d__Bacteria;p__Gemmatimonadota;c__Gemmatimonadetes;o__Gemmatimonadales;f__Gemmatimonadaceae;g__;s__,d__Bacteria,p__Gemmatimonadota,c__Gemmatimonadetes,o__Gemmatimonadales,f__Gemmatimonadaceae,,
bin.89,d__Bacteria;p__Acidobacteriota;c__Vicinamibacteria;o__Vicinamibacterales;f__2-12-FULL-66-21;g__QHWT01;s__,d__Bacteria,p__Acidobacteriota,c__Vicinamibacteria,o__Vicinamibacterales,f__2-12-FULL-66-21,g__QHWT01,
bin.90,d__Bacteria;p__Acidobacteriota;c__Vicinamibacteria;o__Vicinamibacterales;f__2-12-FULL-66-21;g__QHWT01;s__,d__Bacteria,p__Acidobacteriota,c__Vicinamibacteria,o__Vicinamibacterales,f__2-12-FULL-66-21,g__QHWT01,
bin.91,d__Bacteria;p__Proteobacteria;c__Gammaproteobacteria;o__Burkholderiales;f__SG8-39;g__;s__,d__Bacteria,p__Proteobacteria,c__Gammaproteobacteria,o__Burkholderiales,f__SG8-39,,
bin.93,d__Bacteria;p__Acidobacteriota;c__Blastocatellia;o__Pyrinomonadales;f__Pyrinomonadaceae;g__PSRF01;s__,d__Bacteria,p__Acidobacteriota,c__Blastocatellia,o__Pyrinomonadales,f__Pyrinomonadaceae,g__PSRF01,
bin.94,d__Bacteria;p__Actinobacteriota;c__Thermoleophilia;o__Solirubrobacterales;f__70-9;g__VAYN01;s__,d__Bacteria,p__Actinobacteriota,c__Thermoleophilia,o__Solirubrobacterales,f__70-9,g__VAYN01,
bin.95,d__Bacteria;p__Acidobacteriota;c__Acidobacteriae;o__UBA7541;f__UBA7541;g__;s__,d__Bacteria,p__Acidobacteriota,c__Acidobacteriae,o__UBA7541,f__UBA7541,,
bin.96,d__Bacteria;p__Gemmatimonadota;c__Gemmatimonadetes;o__Gemmatimonadales;f__GWC2-71-9;g__;s__,d__Bacteria,p__Gemmatimonadota,c__Gemmatimonadetes,o__Gemmatimonadales,f__GWC2-71-9,,
bin.97,d__Bacteria;p__Proteobacteria;c__Alphaproteobacteria;o__UBA1301;f__UBA1301;g__UBA6038;s__,d__Bacteria,p__Proteobacteria,c__Alphaproteobacteria,o__UBA1301,f__UBA1301,g__UBA6038,
bin.98,d__Bacteria;p__Acidobacteriota;c__Vicinamibacteria;o__Vicinamibacterales;f__UBA2999;g__Gp6-AA45;s__,d__Bacteria,p__Acidobacteriota,c__Vicinamibacteria,o__Vicinamibacterales,f__UBA2999,g__Gp6-AA45,
bin.99,d__Bacteria;p__Methylomirabilota;c__Methylomirabilia;o__Rokubacteriales;f__GWA2-73-35;g__AR37;s__,d__Bacteria,p__Methylomirabilota,c__Methylomirabilia,o__Rokubacteriales,f__GWA2-73-35,g__AR37,